month,initial_team,recorded_agent_team,exported_tag,opening_category,retrospective_category,tickets
2025-01,Billing,Billing,Billing & Payments,Billing & Payments,Billing & Payments,22
2025-01,Billing,Billing,Billing & Payments,Billing & Payments,Needs review,1
2025-01,Billing,Billing,Billing & Payments,Cancellation & Order Changes,Cancellation & Order Changes,2
2025-01,Billing,Billing,Billing & Payments,Delivery & Shipping,Delivery & Shipping,3
2025-01,Billing,Billing,Billing & Payments,Delivery & Shipping,Needs review,1
2025-01,Billing,Billing,Billing & Payments,Needs review,Billing & Payments,12
2025-01,Billing,Billing,Billing & Payments,Needs review,Delivery & Shipping,1
2025-01,Billing,Billing,Billing & Payments,Needs review,Needs review,3
2025-01,Billing,Billing,Billing & Payments,Needs review,Returns & Refunds,2
2025-01,Billing,Billing,Billing & Payments,Returns & Refunds,Returns & Refunds,1
2025-01,Billing,Chat Frontline,Billing & Payments,Billing & Payments,Billing & Payments,1
2025-01,Billing,Email Frontline,Billing & Payments,Billing & Payments,Billing & Payments,1
2025-01,Billing,Email Frontline,Billing & Payments,Needs review,Billing & Payments,1
2025-01,Billing,Logistics,Billing & Payments,Delivery & Shipping,Delivery & Shipping,13
2025-01,Billing,Logistics,Billing & Payments,Delivery & Shipping,Needs review,1
2025-01,Billing,Logistics,Billing & Payments,Needs review,Delivery & Shipping,4
2025-01,Billing,Logistics,Billing & Payments,Needs review,Needs review,2
2025-01,Chat Frontline,Billing,Charging & Battery,Charging & Battery,Charging & Battery,1
2025-01,Chat Frontline,Chat Frontline,Account & Login,Account & Login,Account & Login,3
2025-01,Chat Frontline,Chat Frontline,App & Firmware,App & Firmware,App & Firmware,3
2025-01,Chat Frontline,Chat Frontline,App & Firmware,Charging & Battery,Charging & Battery,1
2025-01,Chat Frontline,Chat Frontline,App & Firmware,Needs review,Connectivity,1
2025-01,Chat Frontline,Chat Frontline,Audio Quality,Audio Quality,Audio Quality,4
2025-01,Chat Frontline,Chat Frontline,Audio Quality,Needs review,Audio Quality,3
2025-01,Chat Frontline,Chat Frontline,Audio Quality,Needs review,Needs review,4
2025-01,Chat Frontline,Chat Frontline,Charging & Battery,App & Firmware,App & Firmware,1
2025-01,Chat Frontline,Chat Frontline,Charging & Battery,Charging & Battery,Charging & Battery,5
2025-01,Chat Frontline,Chat Frontline,Charging & Battery,Needs review,Audio Quality,1
2025-01,Chat Frontline,Chat Frontline,Charging & Battery,Needs review,Charging & Battery,4
2025-01,Chat Frontline,Chat Frontline,Charging & Battery,Needs review,Needs review,4
2025-01,Chat Frontline,Chat Frontline,Connectivity,App & Firmware,App & Firmware,1
2025-01,Chat Frontline,Chat Frontline,Connectivity,Connectivity,Connectivity,2
2025-01,Chat Frontline,Chat Frontline,Connectivity,Needs review,Connectivity,4
2025-01,Chat Frontline,Chat Frontline,Connectivity,Needs review,Needs review,1
2025-01,Chat Frontline,Chat Frontline,Connectivity,Needs review,Returns & Refunds,1
2025-01,Chat Frontline,Chat Frontline,Other,Billing & Payments,Billing & Payments,3
2025-01,Chat Frontline,Chat Frontline,Other,Cancellation & Order Changes,Cancellation & Order Changes,7
2025-01,Chat Frontline,Chat Frontline,Other,Connectivity,Connectivity,1
2025-01,Chat Frontline,Chat Frontline,Other,Delivery & Shipping,Delivery & Shipping,3
2025-01,Chat Frontline,Chat Frontline,Other,Delivery & Shipping,Needs review,2
2025-01,Chat Frontline,Chat Frontline,Other,Needs review,Account & Login,1
2025-01,Chat Frontline,Chat Frontline,Other,Needs review,Cancellation & Order Changes,1
2025-01,Chat Frontline,Chat Frontline,Other,Needs review,Delivery & Shipping,2
2025-01,Chat Frontline,Chat Frontline,Other,Needs review,Needs review,1
2025-01,Chat Frontline,Chat Frontline,Product Enquiry,Needs review,Needs review,2
2025-01,Chat Frontline,Chat Frontline,Product Enquiry,Needs review,Product Enquiry,2
2025-01,Chat Frontline,Chat Frontline,Product Enquiry,Product Enquiry,Product Enquiry,5
2025-01,Chat Frontline,Email Frontline,App & Firmware,App & Firmware,App & Firmware,2
2025-01,Chat Frontline,Email Frontline,App & Firmware,Needs review,App & Firmware,1
2025-01,Chat Frontline,Email Frontline,Audio Quality,Audio Quality,Audio Quality,1
2025-01,Chat Frontline,Email Frontline,Other,Delivery & Shipping,Delivery & Shipping,1
2025-01,Chat Frontline,Email Frontline,Other,Needs review,Delivery & Shipping,1
2025-01,Chat Frontline,Escalations & Warranty,Charging & Battery,Needs review,Needs review,1
2025-01,Chat Frontline,Logistics,Other,Cancellation & Order Changes,Cancellation & Order Changes,1
2025-01,Chat Frontline,Logistics,Product Enquiry,Product Enquiry,Product Enquiry,1
2025-01,Chat Frontline,Returns Desk,Other,Needs review,Product Enquiry,1
2025-01,Email Frontline,Billing,Audio Quality,Needs review,Needs review,1
2025-01,Email Frontline,Billing,Connectivity,Needs review,Connectivity,1
2025-01,Email Frontline,Chat Frontline,Audio Quality,Needs review,Needs review,1
2025-01,Email Frontline,Chat Frontline,Charging & Battery,Charging & Battery,Charging & Battery,1
2025-01,Email Frontline,Chat Frontline,Connectivity,Connectivity,Connectivity,2
2025-01,Email Frontline,Chat Frontline,Connectivity,Needs review,Connectivity,1
2025-01,Email Frontline,Chat Frontline,Other,Cancellation & Order Changes,Cancellation & Order Changes,1
2025-01,Email Frontline,Chat Frontline,Product Enquiry,Product Enquiry,Product Enquiry,1
2025-01,Email Frontline,Email Frontline,Account & Login,Needs review,Account & Login,2
2025-01,Email Frontline,Email Frontline,App & Firmware,App & Firmware,App & Firmware,1
2025-01,Email Frontline,Email Frontline,App & Firmware,Needs review,App & Firmware,1
2025-01,Email Frontline,Email Frontline,App & Firmware,Needs review,Needs review,1
2025-01,Email Frontline,Email Frontline,App & Firmware,Returns & Refunds,Returns & Refunds,1
2025-01,Email Frontline,Email Frontline,Audio Quality,Audio Quality,Audio Quality,3
2025-01,Email Frontline,Email Frontline,Audio Quality,Needs review,Audio Quality,1
2025-01,Email Frontline,Email Frontline,Charging & Battery,Charging & Battery,Charging & Battery,2
2025-01,Email Frontline,Email Frontline,Charging & Battery,Needs review,Charging & Battery,1
2025-01,Email Frontline,Email Frontline,Charging & Battery,Needs review,Needs review,1
2025-01,Email Frontline,Email Frontline,Connectivity,App & Firmware,App & Firmware,1
2025-01,Email Frontline,Email Frontline,Connectivity,Connectivity,Connectivity,5
2025-01,Email Frontline,Email Frontline,Connectivity,Connectivity,Needs review,1
2025-01,Email Frontline,Email Frontline,Connectivity,Needs review,Connectivity,1
2025-01,Email Frontline,Email Frontline,Connectivity,Needs review,Needs review,1
2025-01,Email Frontline,Email Frontline,Other,Audio Quality,Audio Quality,1
2025-01,Email Frontline,Email Frontline,Other,Cancellation & Order Changes,Cancellation & Order Changes,2
2025-01,Email Frontline,Email Frontline,Other,Delivery & Shipping,Delivery & Shipping,2
2025-01,Email Frontline,Email Frontline,Other,Needs review,Account & Login,1
2025-01,Email Frontline,Email Frontline,Other,Needs review,Needs review,1
2025-01,Email Frontline,Email Frontline,Product Enquiry,Needs review,Product Enquiry,2
2025-01,Email Frontline,Escalations & Warranty,Charging & Battery,Needs review,Charging & Battery,1
2025-01,Email Frontline,Escalations & Warranty,Connectivity,Connectivity,Connectivity,1
2025-01,Email Frontline,Returns Desk,Audio Quality,Needs review,Needs review,1
2025-01,Email Frontline,Returns Desk,Charging & Battery,Returns & Refunds,Needs review,1
2025-01,Escalations & Warranty,Billing,Warranty & Repair,Warranty & Repair,Warranty & Repair,1
2025-01,Escalations & Warranty,Escalations & Warranty,Warranty & Repair,Delivery & Shipping,Delivery & Shipping,1
2025-01,Escalations & Warranty,Escalations & Warranty,Warranty & Repair,Needs review,Needs review,1
2025-01,Escalations & Warranty,Escalations & Warranty,Warranty & Repair,Needs review,Warranty & Repair,1
2025-01,Escalations & Warranty,Escalations & Warranty,Warranty & Repair,Returns & Refunds,Needs review,2
2025-01,Escalations & Warranty,Escalations & Warranty,Warranty & Repair,Warranty & Repair,Warranty & Repair,4
2025-01,Logistics,Chat Frontline,Delivery & Shipping,Delivery & Shipping,Delivery & Shipping,1
2025-01,Logistics,Logistics,Delivery & Shipping,Cancellation & Order Changes,Cancellation & Order Changes,1
2025-01,Logistics,Logistics,Delivery & Shipping,Cancellation & Order Changes,Needs review,1
2025-01,Logistics,Logistics,Delivery & Shipping,Delivery & Shipping,Delivery & Shipping,35
2025-01,Logistics,Logistics,Delivery & Shipping,Needs review,Delivery & Shipping,9
2025-01,Logistics,Logistics,Delivery & Shipping,Needs review,Needs review,3
2025-01,Logistics,Logistics,Delivery & Shipping,Returns & Refunds,Returns & Refunds,1
2025-01,Logistics,Returns Desk,Delivery & Shipping,Delivery & Shipping,Delivery & Shipping,1
2025-01,Returns Desk,Billing,Returns & Refunds,Needs review,Returns & Refunds,1
2025-01,Returns Desk,Email Frontline,Returns & Refunds,Returns & Refunds,Returns & Refunds,1
2025-01,Returns Desk,Returns Desk,Returns & Refunds,Delivery & Shipping,Delivery & Shipping,1
2025-01,Returns Desk,Returns Desk,Returns & Refunds,Delivery & Shipping,Needs review,1
2025-01,Returns Desk,Returns Desk,Returns & Refunds,Needs review,Needs review,1
2025-01,Returns Desk,Returns Desk,Returns & Refunds,Needs review,Returns & Refunds,10
2025-01,Returns Desk,Returns Desk,Returns & Refunds,Returns & Refunds,Returns & Refunds,11
2025-01,Voice Frontline,Escalations & Warranty,Connectivity,Needs review,Connectivity,1
2025-01,Voice Frontline,Logistics,App & Firmware,App & Firmware,App & Firmware,1
2025-01,Voice Frontline,Voice Frontline,App & Firmware,App & Firmware,App & Firmware,2
2025-01,Voice Frontline,Voice Frontline,App & Firmware,Needs review,App & Firmware,1
2025-01,Voice Frontline,Voice Frontline,App & Firmware,Needs review,Connectivity,1
2025-01,Voice Frontline,Voice Frontline,Audio Quality,Needs review,Audio Quality,1
2025-01,Voice Frontline,Voice Frontline,Audio Quality,Needs review,Needs review,1
2025-01,Voice Frontline,Voice Frontline,Charging & Battery,Audio Quality,Audio Quality,1
2025-01,Voice Frontline,Voice Frontline,Charging & Battery,Charging & Battery,Charging & Battery,2
2025-01,Voice Frontline,Voice Frontline,Connectivity,Connectivity,Connectivity,1
2025-01,Voice Frontline,Voice Frontline,Connectivity,Needs review,Needs review,2
2025-01,Voice Frontline,Voice Frontline,Other,App & Firmware,App & Firmware,1
2025-01,Voice Frontline,Voice Frontline,Other,Billing & Payments,Billing & Payments,2
2025-01,Voice Frontline,Voice Frontline,Other,Cancellation & Order Changes,Cancellation & Order Changes,2
2025-01,Voice Frontline,Voice Frontline,Other,Delivery & Shipping,Delivery & Shipping,1
2025-01,Voice Frontline,Voice Frontline,Other,Needs review,Cancellation & Order Changes,1
2025-01,Voice Frontline,Voice Frontline,Other,Needs review,Charging & Battery,1
2025-01,Voice Frontline,Voice Frontline,Other,Needs review,Needs review,1
2025-01,Voice Frontline,Voice Frontline,Product Enquiry,Needs review,Product Enquiry,3
2025-02,Billing,Billing,Billing & Payments,Billing & Payments,Billing & Payments,31
2025-02,Billing,Billing,Billing & Payments,Delivery & Shipping,Delivery & Shipping,6
2025-02,Billing,Billing,Billing & Payments,Delivery & Shipping,Needs review,1
2025-02,Billing,Billing,Billing & Payments,Needs review,Billing & Payments,7
2025-02,Billing,Billing,Billing & Payments,Needs review,Delivery & Shipping,2
2025-02,Billing,Billing,Billing & Payments,Needs review,Needs review,2
2025-02,Billing,Billing,Billing & Payments,Returns & Refunds,Returns & Refunds,2
2025-02,Billing,Chat Frontline,Billing & Payments,Billing & Payments,Billing & Payments,1
2025-02,Billing,Logistics,Billing & Payments,Billing & Payments,Needs review,3
2025-02,Billing,Logistics,Billing & Payments,Delivery & Shipping,Delivery & Shipping,11
2025-02,Billing,Logistics,Billing & Payments,Delivery & Shipping,Needs review,2
2025-02,Billing,Logistics,Billing & Payments,Needs review,Delivery & Shipping,4
2025-02,Billing,Logistics,Billing & Payments,Needs review,Needs review,2
2025-02,Billing,Logistics,Billing & Payments,Returns & Refunds,Needs review,2
2025-02,Chat Frontline,Billing,Charging & Battery,Returns & Refunds,Needs review,1
2025-02,Chat Frontline,Chat Frontline,Account & Login,Account & Login,Account & Login,3
2025-02,Chat Frontline,Chat Frontline,Account & Login,Needs review,Account & Login,5
2025-02,Chat Frontline,Chat Frontline,Account & Login,Needs review,Needs review,1
2025-02,Chat Frontline,Chat Frontline,App & Firmware,Account & Login,Account & Login,1
2025-02,Chat Frontline,Chat Frontline,App & Firmware,App & Firmware,App & Firmware,4
2025-02,Chat Frontline,Chat Frontline,App & Firmware,Charging & Battery,Charging & Battery,3
2025-02,Chat Frontline,Chat Frontline,App & Firmware,Connectivity,Connectivity,2
2025-02,Chat Frontline,Chat Frontline,App & Firmware,Needs review,Account & Login,2
2025-02,Chat Frontline,Chat Frontline,App & Firmware,Needs review,App & Firmware,3
2025-02,Chat Frontline,Chat Frontline,Audio Quality,Needs review,Audio Quality,2
2025-02,Chat Frontline,Chat Frontline,Audio Quality,Needs review,Needs review,1
2025-02,Chat Frontline,Chat Frontline,Charging & Battery,Billing & Payments,Billing & Payments,1
2025-02,Chat Frontline,Chat Frontline,Charging & Battery,Billing & Payments,Needs review,1
2025-02,Chat Frontline,Chat Frontline,Charging & Battery,Charging & Battery,Charging & Battery,7
2025-02,Chat Frontline,Chat Frontline,Connectivity,Connectivity,Connectivity,1
2025-02,Chat Frontline,Chat Frontline,Connectivity,Needs review,Connectivity,2
2025-02,Chat Frontline,Chat Frontline,Connectivity,Needs review,Needs review,3
2025-02,Chat Frontline,Chat Frontline,Other,Billing & Payments,Billing & Payments,2
2025-02,Chat Frontline,Chat Frontline,Other,Cancellation & Order Changes,Cancellation & Order Changes,9
2025-02,Chat Frontline,Chat Frontline,Other,Delivery & Shipping,Delivery & Shipping,1
2025-02,Chat Frontline,Chat Frontline,Other,Needs review,Cancellation & Order Changes,3
2025-02,Chat Frontline,Chat Frontline,Other,Needs review,Needs review,6
2025-02,Chat Frontline,Chat Frontline,Other,Needs review,Product Enquiry,1
2025-02,Chat Frontline,Chat Frontline,Other,Needs review,Warranty & Repair,1
2025-02,Chat Frontline,Chat Frontline,Other,Warranty & Repair,Warranty & Repair,1
2025-02,Chat Frontline,Chat Frontline,Product Enquiry,Billing & Payments,Billing & Payments,1
2025-02,Chat Frontline,Chat Frontline,Product Enquiry,Needs review,Billing & Payments,1
2025-02,Chat Frontline,Chat Frontline,Product Enquiry,Needs review,Needs review,1
2025-02,Chat Frontline,Chat Frontline,Product Enquiry,Needs review,Product Enquiry,8
2025-02,Chat Frontline,Chat Frontline,Product Enquiry,Product Enquiry,Product Enquiry,5
2025-02,Chat Frontline,Email Frontline,Audio Quality,Needs review,Needs review,1
2025-02,Chat Frontline,Email Frontline,Charging & Battery,Charging & Battery,Charging & Battery,1
2025-02,Chat Frontline,Email Frontline,Charging & Battery,Needs review,Charging & Battery,1
2025-02,Chat Frontline,Email Frontline,Connectivity,App & Firmware,App & Firmware,1
2025-02,Chat Frontline,Email Frontline,Connectivity,Needs review,Needs review,1
2025-02,Chat Frontline,Email Frontline,Other,Product Enquiry,Product Enquiry,1
2025-02,Chat Frontline,Email Frontline,Product Enquiry,Needs review,Product Enquiry,1
2025-02,Chat Frontline,Escalations & Warranty,Connectivity,Needs review,Needs review,2
2025-02,Chat Frontline,Escalations & Warranty,Other,Needs review,Charging & Battery,1
2025-02,Chat Frontline,Logistics,Audio Quality,Audio Quality,Audio Quality,1
2025-02,Chat Frontline,Logistics,Other,Needs review,Cancellation & Order Changes,1
2025-02,Email Frontline,Chat Frontline,Account & Login,Needs review,Account & Login,1
2025-02,Email Frontline,Chat Frontline,App & Firmware,App & Firmware,App & Firmware,1
2025-02,Email Frontline,Chat Frontline,Audio Quality,Needs review,Audio Quality,3
2025-02,Email Frontline,Chat Frontline,Audio Quality,Needs review,Needs review,1
2025-02,Email Frontline,Chat Frontline,Charging & Battery,Charging & Battery,Charging & Battery,1
2025-02,Email Frontline,Chat Frontline,Connectivity,Needs review,Needs review,1
2025-02,Email Frontline,Chat Frontline,Other,Billing & Payments,Billing & Payments,1
2025-02,Email Frontline,Chat Frontline,Other,Needs review,Cancellation & Order Changes,1
2025-02,Email Frontline,Chat Frontline,Other,Needs review,Connectivity,1
2025-02,Email Frontline,Chat Frontline,Other,Needs review,Needs review,1
2025-02,Email Frontline,Chat Frontline,Product Enquiry,Needs review,Product Enquiry,1
2025-02,Email Frontline,Email Frontline,Account & Login,Account & Login,Account & Login,1
2025-02,Email Frontline,Email Frontline,Account & Login,Billing & Payments,Billing & Payments,1
2025-02,Email Frontline,Email Frontline,Account & Login,Needs review,Account & Login,2
2025-02,Email Frontline,Email Frontline,Account & Login,Needs review,Billing & Payments,1
2025-02,Email Frontline,Email Frontline,App & Firmware,App & Firmware,App & Firmware,1
2025-02,Email Frontline,Email Frontline,App & Firmware,Billing & Payments,Needs review,1
2025-02,Email Frontline,Email Frontline,App & Firmware,Charging & Battery,Charging & Battery,1
2025-02,Email Frontline,Email Frontline,Audio Quality,Audio Quality,Audio Quality,2
2025-02,Email Frontline,Email Frontline,Audio Quality,Needs review,Audio Quality,1
2025-02,Email Frontline,Email Frontline,Audio Quality,Needs review,Needs review,1
2025-02,Email Frontline,Email Frontline,Charging & Battery,Charging & Battery,Charging & Battery,2
2025-02,Email Frontline,Email Frontline,Charging & Battery,Needs review,Charging & Battery,2
2025-02,Email Frontline,Email Frontline,Connectivity,Connectivity,Connectivity,2
2025-02,Email Frontline,Email Frontline,Connectivity,Needs review,Connectivity,1
2025-02,Email Frontline,Email Frontline,Other,App & Firmware,App & Firmware,1
2025-02,Email Frontline,Email Frontline,Other,Audio Quality,Audio Quality,1
2025-02,Email Frontline,Email Frontline,Other,Billing & Payments,Billing & Payments,1
2025-02,Email Frontline,Email Frontline,Other,Cancellation & Order Changes,Cancellation & Order Changes,4
2025-02,Email Frontline,Email Frontline,Other,Delivery & Shipping,Delivery & Shipping,3
2025-02,Email Frontline,Email Frontline,Other,Delivery & Shipping,Needs review,1
2025-02,Email Frontline,Email Frontline,Other,Needs review,Account & Login,1
2025-02,Email Frontline,Email Frontline,Other,Needs review,Billing & Payments,1
2025-02,Email Frontline,Email Frontline,Other,Needs review,Needs review,1
2025-02,Email Frontline,Email Frontline,Product Enquiry,Needs review,Product Enquiry,1
2025-02,Email Frontline,Email Frontline,Product Enquiry,Product Enquiry,Product Enquiry,7
2025-02,Email Frontline,Escalations & Warranty,Connectivity,Connectivity,Connectivity,1
2025-02,Email Frontline,Escalations & Warranty,Connectivity,Needs review,Needs review,1
2025-02,Email Frontline,Logistics,Product Enquiry,Product Enquiry,Product Enquiry,1
2025-02,Escalations & Warranty,Billing,Warranty & Repair,Warranty & Repair,Warranty & Repair,1
2025-02,Escalations & Warranty,Chat Frontline,Warranty & Repair,Warranty & Repair,Warranty & Repair,1
2025-02,Escalations & Warranty,Escalations & Warranty,Warranty & Repair,Audio Quality,Audio Quality,1
2025-02,Escalations & Warranty,Escalations & Warranty,Warranty & Repair,Hardware & Controls,Hardware & Controls,2
2025-02,Escalations & Warranty,Escalations & Warranty,Warranty & Repair,Needs review,Needs review,2
2025-02,Escalations & Warranty,Escalations & Warranty,Warranty & Repair,Needs review,Warranty & Repair,1
2025-02,Escalations & Warranty,Escalations & Warranty,Warranty & Repair,Warranty & Repair,Warranty & Repair,7
2025-02,Logistics,Billing,Delivery & Shipping,Needs review,Delivery & Shipping,1
2025-02,Logistics,Chat Frontline,Delivery & Shipping,Delivery & Shipping,Delivery & Shipping,1
2025-02,Logistics,Logistics,Delivery & Shipping,Cancellation & Order Changes,Cancellation & Order Changes,3
2025-02,Logistics,Logistics,Delivery & Shipping,Cancellation & Order Changes,Needs review,4
2025-02,Logistics,Logistics,Delivery & Shipping,Delivery & Shipping,Delivery & Shipping,31
2025-02,Logistics,Logistics,Delivery & Shipping,Delivery & Shipping,Needs review,2
2025-02,Logistics,Logistics,Delivery & Shipping,Needs review,Delivery & Shipping,15
2025-02,Logistics,Logistics,Delivery & Shipping,Needs review,Needs review,8
2025-02,Logistics,Logistics,Delivery & Shipping,Product Enquiry,Product Enquiry,1
2025-02,Logistics,Logistics,Delivery & Shipping,Returns & Refunds,Needs review,1
2025-02,Logistics,Logistics,Delivery & Shipping,Returns & Refunds,Returns & Refunds,1
2025-02,Logistics,Returns Desk,Delivery & Shipping,Delivery & Shipping,Delivery & Shipping,1
2025-02,Returns Desk,Billing,Returns & Refunds,Needs review,Returns & Refunds,1
2025-02,Returns Desk,Billing,Returns & Refunds,Returns & Refunds,Returns & Refunds,1
2025-02,Returns Desk,Logistics,Returns & Refunds,Returns & Refunds,Returns & Refunds,1
2025-02,Returns Desk,Returns Desk,Returns & Refunds,Delivery & Shipping,Delivery & Shipping,1
2025-02,Returns Desk,Returns Desk,Returns & Refunds,Needs review,Needs review,1
2025-02,Returns Desk,Returns Desk,Returns & Refunds,Needs review,Returns & Refunds,9
2025-02,Returns Desk,Returns Desk,Returns & Refunds,Returns & Refunds,Returns & Refunds,19
2025-02,Voice Frontline,Chat Frontline,Audio Quality,Needs review,Audio Quality,1
2025-02,Voice Frontline,Chat Frontline,Product Enquiry,Needs review,Product Enquiry,1
2025-02,Voice Frontline,Email Frontline,Audio Quality,Needs review,Needs review,1
2025-02,Voice Frontline,Returns Desk,Charging & Battery,Needs review,Charging & Battery,1
2025-02,Voice Frontline,Voice Frontline,Account & Login,Account & Login,Account & Login,1
2025-02,Voice Frontline,Voice Frontline,Account & Login,Needs review,Account & Login,1
2025-02,Voice Frontline,Voice Frontline,App & Firmware,Needs review,App & Firmware,1
2025-02,Voice Frontline,Voice Frontline,Audio Quality,Audio Quality,Audio Quality,2
2025-02,Voice Frontline,Voice Frontline,Audio Quality,Connectivity,Connectivity,1
2025-02,Voice Frontline,Voice Frontline,Audio Quality,Needs review,Audio Quality,1
2025-02,Voice Frontline,Voice Frontline,Charging & Battery,Charging & Battery,Charging & Battery,1
2025-02,Voice Frontline,Voice Frontline,Connectivity,App & Firmware,App & Firmware,1
2025-02,Voice Frontline,Voice Frontline,Connectivity,Connectivity,Connectivity,1
2025-02,Voice Frontline,Voice Frontline,Other,Billing & Payments,Billing & Payments,2
2025-02,Voice Frontline,Voice Frontline,Other,Cancellation & Order Changes,Cancellation & Order Changes,2
2025-02,Voice Frontline,Voice Frontline,Other,Delivery & Shipping,Delivery & Shipping,1
2025-02,Voice Frontline,Voice Frontline,Other,Needs review,Cancellation & Order Changes,1
2025-02,Voice Frontline,Voice Frontline,Other,Needs review,Needs review,1
2025-02,Voice Frontline,Voice Frontline,Product Enquiry,Needs review,Product Enquiry,2
2025-03,Billing,Billing,Billing & Payments,Billing & Payments,Billing & Payments,42
2025-03,Billing,Billing,Billing & Payments,Billing & Payments,Needs review,1
2025-03,Billing,Billing,Billing & Payments,Cancellation & Order Changes,Cancellation & Order Changes,3
2025-03,Billing,Billing,Billing & Payments,Cancellation & Order Changes,Needs review,1
2025-03,Billing,Billing,Billing & Payments,Delivery & Shipping,Delivery & Shipping,6
2025-03,Billing,Billing,Billing & Payments,Needs review,Billing & Payments,9
2025-03,Billing,Billing,Billing & Payments,Needs review,Delivery & Shipping,1
2025-03,Billing,Billing,Billing & Payments,Needs review,Needs review,8
2025-03,Billing,Billing,Billing & Payments,Needs review,Returns & Refunds,1
2025-03,Billing,Email Frontline,Billing & Payments,Needs review,Billing & Payments,1
2025-03,Billing,Logistics,Billing & Payments,Billing & Payments,Billing & Payments,2
2025-03,Billing,Logistics,Billing & Payments,Delivery & Shipping,Delivery & Shipping,20
2025-03,Billing,Logistics,Billing & Payments,Needs review,Delivery & Shipping,4
2025-03,Billing,Logistics,Billing & Payments,Needs review,Needs review,5
2025-03,Chat Frontline,Billing,App & Firmware,App & Firmware,App & Firmware,1
2025-03,Chat Frontline,Billing,Audio Quality,Needs review,Audio Quality,1
2025-03,Chat Frontline,Billing,Charging & Battery,Charging & Battery,Charging & Battery,1
2025-03,Chat Frontline,Chat Frontline,Account & Login,Account & Login,Account & Login,3
2025-03,Chat Frontline,Chat Frontline,Account & Login,Needs review,Account & Login,3
2025-03,Chat Frontline,Chat Frontline,App & Firmware,App & Firmware,App & Firmware,5
2025-03,Chat Frontline,Chat Frontline,App & Firmware,App & Firmware,Needs review,1
2025-03,Chat Frontline,Chat Frontline,App & Firmware,Needs review,App & Firmware,4
2025-03,Chat Frontline,Chat Frontline,App & Firmware,Needs review,Connectivity,1
2025-03,Chat Frontline,Chat Frontline,App & Firmware,Needs review,Needs review,1
2025-03,Chat Frontline,Chat Frontline,Audio Quality,Audio Quality,Audio Quality,4
2025-03,Chat Frontline,Chat Frontline,Audio Quality,Needs review,Audio Quality,3
2025-03,Chat Frontline,Chat Frontline,Audio Quality,Needs review,Needs review,1
2025-03,Chat Frontline,Chat Frontline,Charging & Battery,Charging & Battery,Charging & Battery,9
2025-03,Chat Frontline,Chat Frontline,Charging & Battery,Needs review,Charging & Battery,7
2025-03,Chat Frontline,Chat Frontline,Charging & Battery,Needs review,Needs review,1
2025-03,Chat Frontline,Chat Frontline,Connectivity,Connectivity,Connectivity,7
2025-03,Chat Frontline,Chat Frontline,Connectivity,Connectivity,Needs review,1
2025-03,Chat Frontline,Chat Frontline,Connectivity,Needs review,Audio Quality,1
2025-03,Chat Frontline,Chat Frontline,Connectivity,Needs review,Connectivity,7
2025-03,Chat Frontline,Chat Frontline,Connectivity,Needs review,Needs review,4
2025-03,Chat Frontline,Chat Frontline,Other,Billing & Payments,Billing & Payments,4
2025-03,Chat Frontline,Chat Frontline,Other,Cancellation & Order Changes,Cancellation & Order Changes,8
2025-03,Chat Frontline,Chat Frontline,Other,Charging & Battery,Charging & Battery,1
2025-03,Chat Frontline,Chat Frontline,Other,Delivery & Shipping,Delivery & Shipping,4
2025-03,Chat Frontline,Chat Frontline,Other,Needs review,Billing & Payments,2
2025-03,Chat Frontline,Chat Frontline,Other,Needs review,Cancellation & Order Changes,3
2025-03,Chat Frontline,Chat Frontline,Other,Needs review,Charging & Battery,1
2025-03,Chat Frontline,Chat Frontline,Other,Needs review,Delivery & Shipping,1
2025-03,Chat Frontline,Chat Frontline,Other,Needs review,Needs review,2
2025-03,Chat Frontline,Chat Frontline,Other,Needs review,Product Enquiry,1
2025-03,Chat Frontline,Chat Frontline,Other,Product Enquiry,Product Enquiry,2
2025-03,Chat Frontline,Chat Frontline,Other,Warranty & Repair,Warranty & Repair,3
2025-03,Chat Frontline,Chat Frontline,Product Enquiry,Needs review,Product Enquiry,8
2025-03,Chat Frontline,Chat Frontline,Product Enquiry,Product Enquiry,Product Enquiry,3
2025-03,Chat Frontline,Email Frontline,Audio Quality,Audio Quality,Audio Quality,1
2025-03,Chat Frontline,Email Frontline,Connectivity,Connectivity,Connectivity,1
2025-03,Chat Frontline,Email Frontline,Connectivity,Needs review,Connectivity,1
2025-03,Chat Frontline,Email Frontline,Other,Cancellation & Order Changes,Cancellation & Order Changes,1
2025-03,Chat Frontline,Email Frontline,Other,Delivery & Shipping,Delivery & Shipping,1
2025-03,Chat Frontline,Email Frontline,Other,Needs review,Delivery & Shipping,1
2025-03,Chat Frontline,Email Frontline,Product Enquiry,Needs review,Product Enquiry,1
2025-03,Chat Frontline,Email Frontline,Product Enquiry,Product Enquiry,Product Enquiry,1
2025-03,Chat Frontline,Escalations & Warranty,Audio Quality,Audio Quality,Needs review,1
2025-03,Chat Frontline,Escalations & Warranty,Audio Quality,Needs review,Audio Quality,1
2025-03,Chat Frontline,Returns Desk,Connectivity,Needs review,Connectivity,1
2025-03,Email Frontline,Billing,Audio Quality,Audio Quality,Audio Quality,1
2025-03,Email Frontline,Chat Frontline,App & Firmware,Hardware & Controls,Hardware & Controls,1
2025-03,Email Frontline,Chat Frontline,App & Firmware,Needs review,App & Firmware,2
2025-03,Email Frontline,Chat Frontline,Audio Quality,Audio Quality,Audio Quality,1
2025-03,Email Frontline,Chat Frontline,Audio Quality,Needs review,Audio Quality,1
2025-03,Email Frontline,Chat Frontline,Charging & Battery,Charging & Battery,Charging & Battery,2
2025-03,Email Frontline,Chat Frontline,Connectivity,Needs review,Connectivity,1
2025-03,Email Frontline,Chat Frontline,Other,Delivery & Shipping,Delivery & Shipping,1
2025-03,Email Frontline,Chat Frontline,Product Enquiry,Billing & Payments,Billing & Payments,1
2025-03,Email Frontline,Chat Frontline,Product Enquiry,Product Enquiry,Product Enquiry,1
2025-03,Email Frontline,Email Frontline,Account & Login,Account & Login,Account & Login,1
2025-03,Email Frontline,Email Frontline,Account & Login,Billing & Payments,Billing & Payments,1
2025-03,Email Frontline,Email Frontline,Account & Login,Needs review,Account & Login,1
2025-03,Email Frontline,Email Frontline,Account & Login,Needs review,Needs review,1
2025-03,Email Frontline,Email Frontline,App & Firmware,App & Firmware,App & Firmware,1
2025-03,Email Frontline,Email Frontline,App & Firmware,Needs review,App & Firmware,3
2025-03,Email Frontline,Email Frontline,Audio Quality,Audio Quality,Audio Quality,2
2025-03,Email Frontline,Email Frontline,Audio Quality,Connectivity,Connectivity,1
2025-03,Email Frontline,Email Frontline,Charging & Battery,Charging & Battery,Charging & Battery,4
2025-03,Email Frontline,Email Frontline,Charging & Battery,Needs review,Needs review,1
2025-03,Email Frontline,Email Frontline,Connectivity,App & Firmware,App & Firmware,1
2025-03,Email Frontline,Email Frontline,Connectivity,Connectivity,Connectivity,3
2025-03,Email Frontline,Email Frontline,Connectivity,Needs review,Connectivity,3
2025-03,Email Frontline,Email Frontline,Connectivity,Needs review,Needs review,2
2025-03,Email Frontline,Email Frontline,Connectivity,Returns & Refunds,Needs review,1
2025-03,Email Frontline,Email Frontline,Other,App & Firmware,App & Firmware,1
2025-03,Email Frontline,Email Frontline,Other,Billing & Payments,Billing & Payments,3
2025-03,Email Frontline,Email Frontline,Other,Cancellation & Order Changes,Cancellation & Order Changes,5
2025-03,Email Frontline,Email Frontline,Other,Charging & Battery,Charging & Battery,1
2025-03,Email Frontline,Email Frontline,Other,Connectivity,Connectivity,1
2025-03,Email Frontline,Email Frontline,Other,Delivery & Shipping,Needs review,1
2025-03,Email Frontline,Email Frontline,Other,Hardware & Controls,Hardware & Controls,1
2025-03,Email Frontline,Email Frontline,Other,Needs review,Cancellation & Order Changes,1
2025-03,Email Frontline,Email Frontline,Other,Needs review,Connectivity,1
2025-03,Email Frontline,Email Frontline,Product Enquiry,Billing & Payments,Billing & Payments,1
2025-03,Email Frontline,Email Frontline,Product Enquiry,Needs review,Billing & Payments,1
2025-03,Email Frontline,Email Frontline,Product Enquiry,Needs review,Product Enquiry,2
2025-03,Email Frontline,Email Frontline,Product Enquiry,Product Enquiry,Product Enquiry,1
2025-03,Email Frontline,Escalations & Warranty,Audio Quality,Needs review,Needs review,1
2025-03,Email Frontline,Logistics,Audio Quality,Needs review,Audio Quality,1
2025-03,Email Frontline,Logistics,Charging & Battery,Charging & Battery,Charging & Battery,1
2025-03,Escalations & Warranty,Billing,Warranty & Repair,Warranty & Repair,Warranty & Repair,1
2025-03,Escalations & Warranty,Escalations & Warranty,Warranty & Repair,Charging & Battery,Charging & Battery,1
2025-03,Escalations & Warranty,Escalations & Warranty,Warranty & Repair,Delivery & Shipping,Delivery & Shipping,1
2025-03,Escalations & Warranty,Escalations & Warranty,Warranty & Repair,Needs review,Delivery & Shipping,1
2025-03,Escalations & Warranty,Escalations & Warranty,Warranty & Repair,Needs review,Needs review,4
2025-03,Escalations & Warranty,Escalations & Warranty,Warranty & Repair,Needs review,Warranty & Repair,2
2025-03,Escalations & Warranty,Escalations & Warranty,Warranty & Repair,Returns & Refunds,Needs review,1
2025-03,Escalations & Warranty,Escalations & Warranty,Warranty & Repair,Warranty & Repair,Warranty & Repair,9
2025-03,Logistics,Billing,Delivery & Shipping,Needs review,Returns & Refunds,1
2025-03,Logistics,Chat Frontline,Delivery & Shipping,Delivery & Shipping,Delivery & Shipping,1
2025-03,Logistics,Chat Frontline,Delivery & Shipping,Needs review,Cancellation & Order Changes,1
2025-03,Logistics,Logistics,Delivery & Shipping,Cancellation & Order Changes,Cancellation & Order Changes,3
2025-03,Logistics,Logistics,Delivery & Shipping,Cancellation & Order Changes,Needs review,1
2025-03,Logistics,Logistics,Delivery & Shipping,Delivery & Shipping,Delivery & Shipping,42
2025-03,Logistics,Logistics,Delivery & Shipping,Needs review,Delivery & Shipping,16
2025-03,Logistics,Logistics,Delivery & Shipping,Needs review,Needs review,3
2025-03,Logistics,Logistics,Delivery & Shipping,Returns & Refunds,Returns & Refunds,6
2025-03,Returns Desk,Billing,Returns & Refunds,Returns & Refunds,Returns & Refunds,2
2025-03,Returns Desk,Chat Frontline,Returns & Refunds,Needs review,Returns & Refunds,1
2025-03,Returns Desk,Returns Desk,Returns & Refunds,Cancellation & Order Changes,Needs review,1
2025-03,Returns Desk,Returns Desk,Returns & Refunds,Delivery & Shipping,Delivery & Shipping,2
2025-03,Returns Desk,Returns Desk,Returns & Refunds,Needs review,Returns & Refunds,9
2025-03,Returns Desk,Returns Desk,Returns & Refunds,Returns & Refunds,Returns & Refunds,31
2025-03,Voice Frontline,Email Frontline,Account & Login,Account & Login,Account & Login,1
2025-03,Voice Frontline,Email Frontline,Product Enquiry,Needs review,Product Enquiry,1
2025-03,Voice Frontline,Escalations & Warranty,Audio Quality,Needs review,Needs review,1
2025-03,Voice Frontline,Escalations & Warranty,Other,Connectivity,Connectivity,1
2025-03,Voice Frontline,Voice Frontline,Account & Login,Needs review,Account & Login,1
2025-03,Voice Frontline,Voice Frontline,Account & Login,Needs review,Needs review,1
2025-03,Voice Frontline,Voice Frontline,App & Firmware,App & Firmware,App & Firmware,2
2025-03,Voice Frontline,Voice Frontline,App & Firmware,Needs review,App & Firmware,1
2025-03,Voice Frontline,Voice Frontline,Audio Quality,Audio Quality,Audio Quality,2
2025-03,Voice Frontline,Voice Frontline,Audio Quality,Needs review,Needs review,1
2025-03,Voice Frontline,Voice Frontline,Charging & Battery,Charging & Battery,Charging & Battery,1
2025-03,Voice Frontline,Voice Frontline,Charging & Battery,Needs review,Charging & Battery,2
2025-03,Voice Frontline,Voice Frontline,Connectivity,Connectivity,Connectivity,1
2025-03,Voice Frontline,Voice Frontline,Connectivity,Needs review,Connectivity,2
2025-03,Voice Frontline,Voice Frontline,Connectivity,Needs review,Needs review,1
2025-03,Voice Frontline,Voice Frontline,Other,App & Firmware,App & Firmware,1
2025-03,Voice Frontline,Voice Frontline,Other,Billing & Payments,Billing & Payments,1
2025-03,Voice Frontline,Voice Frontline,Other,Cancellation & Order Changes,Cancellation & Order Changes,3
2025-03,Voice Frontline,Voice Frontline,Other,Connectivity,Connectivity,1
2025-03,Voice Frontline,Voice Frontline,Other,Delivery & Shipping,Delivery & Shipping,2
2025-03,Voice Frontline,Voice Frontline,Other,Needs review,Billing & Payments,1
2025-03,Voice Frontline,Voice Frontline,Other,Needs review,Needs review,1
2025-03,Voice Frontline,Voice Frontline,Product Enquiry,Needs review,Product Enquiry,4
2025-03,Voice Frontline,Voice Frontline,Product Enquiry,Product Enquiry,Product Enquiry,4
2025-04,Billing,Billing,Billing & Payments,Billing & Payments,Billing & Payments,44
2025-04,Billing,Billing,Billing & Payments,Delivery & Shipping,Delivery & Shipping,6
2025-04,Billing,Billing,Billing & Payments,Needs review,Billing & Payments,13
2025-04,Billing,Billing,Billing & Payments,Needs review,Delivery & Shipping,1
2025-04,Billing,Billing,Billing & Payments,Needs review,Needs review,4
2025-04,Billing,Billing,Billing & Payments,Needs review,Returns & Refunds,1
2025-04,Billing,Billing,Billing & Payments,Returns & Refunds,Returns & Refunds,2
2025-04,Billing,Email Frontline,Billing & Payments,Billing & Payments,Billing & Payments,1
2025-04,Billing,Logistics,Billing & Payments,Delivery & Shipping,Delivery & Shipping,18
2025-04,Billing,Logistics,Billing & Payments,Delivery & Shipping,Needs review,1
2025-04,Billing,Logistics,Billing & Payments,Needs review,Delivery & Shipping,7
2025-04,Billing,Logistics,Billing & Payments,Needs review,Needs review,6
2025-04,Chat Frontline,Billing,Charging & Battery,Charging & Battery,Charging & Battery,1
2025-04,Chat Frontline,Chat Frontline,Account & Login,Account & Login,Account & Login,6
2025-04,Chat Frontline,Chat Frontline,Account & Login,Billing & Payments,Billing & Payments,1
2025-04,Chat Frontline,Chat Frontline,Account & Login,Needs review,Account & Login,1
2025-04,Chat Frontline,Chat Frontline,Account & Login,Needs review,Billing & Payments,1
2025-04,Chat Frontline,Chat Frontline,Account & Login,Needs review,Needs review,1
2025-04,Chat Frontline,Chat Frontline,App & Firmware,App & Firmware,App & Firmware,2
2025-04,Chat Frontline,Chat Frontline,App & Firmware,Connectivity,Connectivity,2
2025-04,Chat Frontline,Chat Frontline,App & Firmware,Needs review,Charging & Battery,1
2025-04,Chat Frontline,Chat Frontline,Audio Quality,Needs review,Audio Quality,5
2025-04,Chat Frontline,Chat Frontline,Audio Quality,Needs review,Needs review,1
2025-04,Chat Frontline,Chat Frontline,Charging & Battery,Billing & Payments,Needs review,1
2025-04,Chat Frontline,Chat Frontline,Charging & Battery,Charging & Battery,Charging & Battery,8
2025-04,Chat Frontline,Chat Frontline,Charging & Battery,Needs review,Charging & Battery,1
2025-04,Chat Frontline,Chat Frontline,Charging & Battery,Needs review,Needs review,2
2025-04,Chat Frontline,Chat Frontline,Connectivity,Connectivity,Connectivity,6
2025-04,Chat Frontline,Chat Frontline,Connectivity,Needs review,App & Firmware,1
2025-04,Chat Frontline,Chat Frontline,Connectivity,Needs review,Connectivity,9
2025-04,Chat Frontline,Chat Frontline,Connectivity,Needs review,Needs review,1
2025-04,Chat Frontline,Chat Frontline,Other,App & Firmware,App & Firmware,1
2025-04,Chat Frontline,Chat Frontline,Other,Billing & Payments,Billing & Payments,2
2025-04,Chat Frontline,Chat Frontline,Other,Cancellation & Order Changes,Cancellation & Order Changes,5
2025-04,Chat Frontline,Chat Frontline,Other,Charging & Battery,Charging & Battery,1
2025-04,Chat Frontline,Chat Frontline,Other,Delivery & Shipping,Delivery & Shipping,1
2025-04,Chat Frontline,Chat Frontline,Other,Needs review,Cancellation & Order Changes,1
2025-04,Chat Frontline,Chat Frontline,Other,Needs review,Delivery & Shipping,1
2025-04,Chat Frontline,Chat Frontline,Other,Needs review,Needs review,5
2025-04,Chat Frontline,Chat Frontline,Other,Warranty & Repair,Warranty & Repair,1
2025-04,Chat Frontline,Chat Frontline,Product Enquiry,Needs review,Product Enquiry,5
2025-04,Chat Frontline,Chat Frontline,Product Enquiry,Product Enquiry,Product Enquiry,5
2025-04,Chat Frontline,Email Frontline,App & Firmware,App & Firmware,App & Firmware,2
2025-04,Chat Frontline,Email Frontline,Audio Quality,Audio Quality,Audio Quality,1
2025-04,Chat Frontline,Email Frontline,Audio Quality,Needs review,Needs review,1
2025-04,Chat Frontline,Email Frontline,Charging & Battery,Needs review,Needs review,1
2025-04,Chat Frontline,Email Frontline,Connectivity,Connectivity,Connectivity,1
2025-04,Chat Frontline,Email Frontline,Connectivity,Needs review,Connectivity,2
2025-04,Chat Frontline,Email Frontline,Other,Cancellation & Order Changes,Cancellation & Order Changes,1
2025-04,Chat Frontline,Email Frontline,Other,Needs review,Needs review,1
2025-04,Chat Frontline,Email Frontline,Other,Product Enquiry,Product Enquiry,1
2025-04,Chat Frontline,Email Frontline,Product Enquiry,Needs review,Product Enquiry,2
2025-04,Chat Frontline,Email Frontline,Product Enquiry,Product Enquiry,Product Enquiry,2
2025-04,Chat Frontline,Escalations & Warranty,App & Firmware,Needs review,Needs review,1
2025-04,Chat Frontline,Escalations & Warranty,Audio Quality,Audio Quality,Audio Quality,1
2025-04,Chat Frontline,Escalations & Warranty,Charging & Battery,Charging & Battery,Charging & Battery,1
2025-04,Chat Frontline,Escalations & Warranty,Connectivity,Connectivity,Connectivity,1
2025-04,Chat Frontline,Escalations & Warranty,Other,Audio Quality,Audio Quality,1
2025-04,Chat Frontline,Escalations & Warranty,Other,Needs review,Needs review,1
2025-04,Chat Frontline,Logistics,Product Enquiry,Needs review,Product Enquiry,1
2025-04,Email Frontline,Billing,Charging & Battery,Charging & Battery,Charging & Battery,1
2025-04,Email Frontline,Billing,Connectivity,Needs review,Needs review,1
2025-04,Email Frontline,Chat Frontline,Account & Login,Account & Login,Account & Login,1
2025-04,Email Frontline,Chat Frontline,App & Firmware,App & Firmware,App & Firmware,1
2025-04,Email Frontline,Chat Frontline,App & Firmware,Needs review,App & Firmware,2
2025-04,Email Frontline,Chat Frontline,Audio Quality,Audio Quality,Audio Quality,2
2025-04,Email Frontline,Chat Frontline,Audio Quality,Needs review,Needs review,1
2025-04,Email Frontline,Chat Frontline,Other,Audio Quality,Audio Quality,1
2025-04,Email Frontline,Chat Frontline,Other,Billing & Payments,Billing & Payments,1
2025-04,Email Frontline,Chat Frontline,Product Enquiry,Needs review,Product Enquiry,1
2025-04,Email Frontline,Chat Frontline,Product Enquiry,Product Enquiry,Product Enquiry,1
2025-04,Email Frontline,Email Frontline,Account & Login,Account & Login,Account & Login,1
2025-04,Email Frontline,Email Frontline,Account & Login,Billing & Payments,Billing & Payments,2
2025-04,Email Frontline,Email Frontline,App & Firmware,App & Firmware,App & Firmware,5
2025-04,Email Frontline,Email Frontline,App & Firmware,Charging & Battery,Charging & Battery,1
2025-04,Email Frontline,Email Frontline,App & Firmware,Hardware & Controls,Hardware & Controls,1
2025-04,Email Frontline,Email Frontline,Audio Quality,Audio Quality,Audio Quality,2
2025-04,Email Frontline,Email Frontline,Audio Quality,Needs review,Needs review,2
2025-04,Email Frontline,Email Frontline,Charging & Battery,Charging & Battery,Charging & Battery,5
2025-04,Email Frontline,Email Frontline,Charging & Battery,Needs review,Charging & Battery,4
2025-04,Email Frontline,Email Frontline,Charging & Battery,Returns & Refunds,Returns & Refunds,1
2025-04,Email Frontline,Email Frontline,Connectivity,Connectivity,Connectivity,1
2025-04,Email Frontline,Email Frontline,Connectivity,Needs review,Connectivity,2
2025-04,Email Frontline,Email Frontline,Connectivity,Needs review,Needs review,3
2025-04,Email Frontline,Email Frontline,Other,Billing & Payments,Billing & Payments,2
2025-04,Email Frontline,Email Frontline,Other,Cancellation & Order Changes,Cancellation & Order Changes,4
2025-04,Email Frontline,Email Frontline,Other,Charging & Battery,Charging & Battery,1
2025-04,Email Frontline,Email Frontline,Other,Delivery & Shipping,Delivery & Shipping,5
2025-04,Email Frontline,Email Frontline,Other,Delivery & Shipping,Needs review,2
2025-04,Email Frontline,Email Frontline,Other,Needs review,Billing & Payments,2
2025-04,Email Frontline,Email Frontline,Other,Needs review,Cancellation & Order Changes,4
2025-04,Email Frontline,Email Frontline,Other,Needs review,Needs review,3
2025-04,Email Frontline,Email Frontline,Other,Needs review,Product Enquiry,2
2025-04,Email Frontline,Email Frontline,Other,Needs review,Returns & Refunds,1
2025-04,Email Frontline,Email Frontline,Product Enquiry,Billing & Payments,Billing & Payments,1
2025-04,Email Frontline,Email Frontline,Product Enquiry,Needs review,Product Enquiry,1
2025-04,Email Frontline,Escalations & Warranty,Charging & Battery,Needs review,Charging & Battery,1
2025-04,Email Frontline,Escalations & Warranty,Charging & Battery,Needs review,Needs review,1
2025-04,Email Frontline,Logistics,Charging & Battery,Needs review,Needs review,1
2025-04,Escalations & Warranty,Chat Frontline,Warranty & Repair,Needs review,Needs review,1
2025-04,Escalations & Warranty,Escalations & Warranty,Warranty & Repair,Charging & Battery,Charging & Battery,3
2025-04,Escalations & Warranty,Escalations & Warranty,Warranty & Repair,Hardware & Controls,Hardware & Controls,2
2025-04,Escalations & Warranty,Escalations & Warranty,Warranty & Repair,Needs review,Audio Quality,1
2025-04,Escalations & Warranty,Escalations & Warranty,Warranty & Repair,Needs review,Charging & Battery,1
2025-04,Escalations & Warranty,Escalations & Warranty,Warranty & Repair,Needs review,Needs review,6
2025-04,Escalations & Warranty,Escalations & Warranty,Warranty & Repair,Needs review,Warranty & Repair,3
2025-04,Escalations & Warranty,Escalations & Warranty,Warranty & Repair,Returns & Refunds,Needs review,2
2025-04,Escalations & Warranty,Escalations & Warranty,Warranty & Repair,Warranty & Repair,Warranty & Repair,3
2025-04,Logistics,Chat Frontline,Delivery & Shipping,Needs review,Cancellation & Order Changes,1
2025-04,Logistics,Chat Frontline,Delivery & Shipping,Needs review,Delivery & Shipping,1
2025-04,Logistics,Logistics,Delivery & Shipping,App & Firmware,Needs review,1
2025-04,Logistics,Logistics,Delivery & Shipping,Billing & Payments,Needs review,1
2025-04,Logistics,Logistics,Delivery & Shipping,Delivery & Shipping,Delivery & Shipping,39
2025-04,Logistics,Logistics,Delivery & Shipping,Delivery & Shipping,Needs review,4
2025-04,Logistics,Logistics,Delivery & Shipping,Needs review,Cancellation & Order Changes,1
2025-04,Logistics,Logistics,Delivery & Shipping,Needs review,Delivery & Shipping,19
2025-04,Logistics,Logistics,Delivery & Shipping,Needs review,Needs review,9
2025-04,Logistics,Logistics,Delivery & Shipping,Returns & Refunds,Needs review,1
2025-04,Returns Desk,Chat Frontline,Returns & Refunds,Needs review,Needs review,1
2025-04,Returns Desk,Chat Frontline,Returns & Refunds,Needs review,Returns & Refunds,2
2025-04,Returns Desk,Logistics,Returns & Refunds,Returns & Refunds,Returns & Refunds,1
2025-04,Returns Desk,Returns Desk,Returns & Refunds,Delivery & Shipping,Delivery & Shipping,1
2025-04,Returns Desk,Returns Desk,Returns & Refunds,Delivery & Shipping,Needs review,1
2025-04,Returns Desk,Returns Desk,Returns & Refunds,Needs review,Delivery & Shipping,2
2025-04,Returns Desk,Returns Desk,Returns & Refunds,Needs review,Needs review,3
2025-04,Returns Desk,Returns Desk,Returns & Refunds,Needs review,Returns & Refunds,6
2025-04,Returns Desk,Returns Desk,Returns & Refunds,Returns & Refunds,Returns & Refunds,27
2025-04,Voice Frontline,Billing,Product Enquiry,Product Enquiry,Product Enquiry,1
2025-04,Voice Frontline,Chat Frontline,Audio Quality,Audio Quality,Audio Quality,1
2025-04,Voice Frontline,Chat Frontline,Other,Cancellation & Order Changes,Cancellation & Order Changes,1
2025-04,Voice Frontline,Chat Frontline,Other,Needs review,Cancellation & Order Changes,1
2025-04,Voice Frontline,Email Frontline,Charging & Battery,Needs review,Needs review,1
2025-04,Voice Frontline,Email Frontline,Connectivity,Needs review,Needs review,1
2025-04,Voice Frontline,Email Frontline,Product Enquiry,Needs review,Product Enquiry,1
2025-04,Voice Frontline,Voice Frontline,Account & Login,Account & Login,Account & Login,1
2025-04,Voice Frontline,Voice Frontline,App & Firmware,App & Firmware,App & Firmware,4
2025-04,Voice Frontline,Voice Frontline,Audio Quality,Needs review,Audio Quality,1
2025-04,Voice Frontline,Voice Frontline,Charging & Battery,Charging & Battery,Charging & Battery,2
2025-04,Voice Frontline,Voice Frontline,Charging & Battery,Needs review,Charging & Battery,2
2025-04,Voice Frontline,Voice Frontline,Connectivity,Needs review,Connectivity,2
2025-04,Voice Frontline,Voice Frontline,Other,App & Firmware,App & Firmware,1
2025-04,Voice Frontline,Voice Frontline,Other,Billing & Payments,Billing & Payments,1
2025-04,Voice Frontline,Voice Frontline,Other,Needs review,Cancellation & Order Changes,1
2025-04,Voice Frontline,Voice Frontline,Other,Needs review,Connectivity,1
2025-04,Voice Frontline,Voice Frontline,Other,Needs review,Needs review,1
2025-04,Voice Frontline,Voice Frontline,Product Enquiry,Needs review,Product Enquiry,3
2025-05,Billing,Billing,Billing & Payments,Billing & Payments,Billing & Payments,26
2025-05,Billing,Billing,Billing & Payments,Cancellation & Order Changes,Cancellation & Order Changes,2
2025-05,Billing,Billing,Billing & Payments,Delivery & Shipping,Delivery & Shipping,11
2025-05,Billing,Billing,Billing & Payments,Needs review,Billing & Payments,9
2025-05,Billing,Billing,Billing & Payments,Needs review,Delivery & Shipping,2
2025-05,Billing,Billing,Billing & Payments,Needs review,Needs review,6
2025-05,Billing,Billing,Billing & Payments,Needs review,Returns & Refunds,1
2025-05,Billing,Billing,Billing & Payments,Returns & Refunds,Returns & Refunds,4
2025-05,Billing,Chat Frontline,Billing & Payments,Billing & Payments,Billing & Payments,2
2025-05,Billing,Email Frontline,Billing & Payments,Billing & Payments,Billing & Payments,1
2025-05,Billing,Logistics,Billing & Payments,Delivery & Shipping,Delivery & Shipping,8
2025-05,Billing,Logistics,Billing & Payments,Delivery & Shipping,Needs review,1
2025-05,Billing,Logistics,Billing & Payments,Needs review,Delivery & Shipping,8
2025-05,Billing,Logistics,Billing & Payments,Needs review,Needs review,2
2025-05,Chat Frontline,Billing,Connectivity,Needs review,Needs review,1
2025-05,Chat Frontline,Chat Frontline,Account & Login,Account & Login,Account & Login,3
2025-05,Chat Frontline,Chat Frontline,Account & Login,Needs review,Account & Login,2
2025-05,Chat Frontline,Chat Frontline,Account & Login,Needs review,Needs review,2
2025-05,Chat Frontline,Chat Frontline,App & Firmware,App & Firmware,App & Firmware,5
2025-05,Chat Frontline,Chat Frontline,App & Firmware,Charging & Battery,Charging & Battery,1
2025-05,Chat Frontline,Chat Frontline,App & Firmware,Connectivity,Connectivity,1
2025-05,Chat Frontline,Chat Frontline,App & Firmware,Needs review,Charging & Battery,1
2025-05,Chat Frontline,Chat Frontline,App & Firmware,Needs review,Connectivity,1
2025-05,Chat Frontline,Chat Frontline,App & Firmware,Needs review,Needs review,2
2025-05,Chat Frontline,Chat Frontline,Audio Quality,Audio Quality,Audio Quality,3
2025-05,Chat Frontline,Chat Frontline,Audio Quality,Needs review,Audio Quality,1
2025-05,Chat Frontline,Chat Frontline,Audio Quality,Needs review,Needs review,1
2025-05,Chat Frontline,Chat Frontline,Charging & Battery,App & Firmware,App & Firmware,1
2025-05,Chat Frontline,Chat Frontline,Charging & Battery,Charging & Battery,Charging & Battery,10
2025-05,Chat Frontline,Chat Frontline,Charging & Battery,Needs review,App & Firmware,2
2025-05,Chat Frontline,Chat Frontline,Charging & Battery,Needs review,Charging & Battery,1
2025-05,Chat Frontline,Chat Frontline,Connectivity,Connectivity,Connectivity,7
2025-05,Chat Frontline,Chat Frontline,Connectivity,Needs review,App & Firmware,1
2025-05,Chat Frontline,Chat Frontline,Connectivity,Needs review,Connectivity,4
2025-05,Chat Frontline,Chat Frontline,Connectivity,Needs review,Needs review,3
2025-05,Chat Frontline,Chat Frontline,Other,Account & Login,Account & Login,1
2025-05,Chat Frontline,Chat Frontline,Other,Audio Quality,Audio Quality,1
2025-05,Chat Frontline,Chat Frontline,Other,Billing & Payments,Billing & Payments,3
2025-05,Chat Frontline,Chat Frontline,Other,Billing & Payments,Needs review,1
2025-05,Chat Frontline,Chat Frontline,Other,Cancellation & Order Changes,Cancellation & Order Changes,9
2025-05,Chat Frontline,Chat Frontline,Other,Delivery & Shipping,Delivery & Shipping,4
2025-05,Chat Frontline,Chat Frontline,Other,Delivery & Shipping,Needs review,1
2025-05,Chat Frontline,Chat Frontline,Other,Needs review,Cancellation & Order Changes,2
2025-05,Chat Frontline,Chat Frontline,Other,Needs review,Connectivity,1
2025-05,Chat Frontline,Chat Frontline,Other,Needs review,Delivery & Shipping,1
2025-05,Chat Frontline,Chat Frontline,Other,Needs review,Needs review,6
2025-05,Chat Frontline,Chat Frontline,Other,Warranty & Repair,Warranty & Repair,1
2025-05,Chat Frontline,Chat Frontline,Product Enquiry,Needs review,Billing & Payments,1
2025-05,Chat Frontline,Chat Frontline,Product Enquiry,Needs review,Product Enquiry,5
2025-05,Chat Frontline,Chat Frontline,Product Enquiry,Product Enquiry,Product Enquiry,5
2025-05,Chat Frontline,Email Frontline,Connectivity,Connectivity,Connectivity,1
2025-05,Chat Frontline,Email Frontline,Connectivity,Needs review,Needs review,1
2025-05,Chat Frontline,Email Frontline,Other,Needs review,Billing & Payments,1
2025-05,Chat Frontline,Escalations & Warranty,Audio Quality,Needs review,Audio Quality,1
2025-05,Chat Frontline,Escalations & Warranty,Connectivity,Needs review,Needs review,2
2025-05,Chat Frontline,Escalations & Warranty,Other,Needs review,Connectivity,1
2025-05,Chat Frontline,Escalations & Warranty,Other,Needs review,Needs review,1
2025-05,Chat Frontline,Logistics,Connectivity,Needs review,Connectivity,1
2025-05,Chat Frontline,Logistics,Other,Cancellation & Order Changes,Cancellation & Order Changes,1
2025-05,Chat Frontline,Returns Desk,App & Firmware,Needs review,App & Firmware,1
2025-05,Email Frontline,Billing,Other,Cancellation & Order Changes,Cancellation & Order Changes,1
2025-05,Email Frontline,Chat Frontline,Account & Login,Account & Login,Account & Login,1
2025-05,Email Frontline,Chat Frontline,App & Firmware,App & Firmware,App & Firmware,1
2025-05,Email Frontline,Chat Frontline,App & Firmware,Needs review,Account & Login,1
2025-05,Email Frontline,Chat Frontline,App & Firmware,Needs review,Connectivity,1
2025-05,Email Frontline,Chat Frontline,Charging & Battery,Charging & Battery,Charging & Battery,1
2025-05,Email Frontline,Chat Frontline,Charging & Battery,Needs review,Charging & Battery,1
2025-05,Email Frontline,Chat Frontline,Connectivity,Needs review,Connectivity,1
2025-05,Email Frontline,Chat Frontline,Connectivity,Needs review,Needs review,1
2025-05,Email Frontline,Chat Frontline,Other,Cancellation & Order Changes,Cancellation & Order Changes,2
2025-05,Email Frontline,Chat Frontline,Other,Connectivity,Connectivity,1
2025-05,Email Frontline,Chat Frontline,Other,Delivery & Shipping,Delivery & Shipping,1
2025-05,Email Frontline,Email Frontline,Account & Login,Account & Login,Account & Login,2
2025-05,Email Frontline,Email Frontline,App & Firmware,Account & Login,Account & Login,1
2025-05,Email Frontline,Email Frontline,App & Firmware,App & Firmware,App & Firmware,4
2025-05,Email Frontline,Email Frontline,App & Firmware,Needs review,Needs review,1
2025-05,Email Frontline,Email Frontline,Audio Quality,Audio Quality,Audio Quality,2
2025-05,Email Frontline,Email Frontline,Audio Quality,Needs review,Audio Quality,2
2025-05,Email Frontline,Email Frontline,Audio Quality,Needs review,Needs review,1
2025-05,Email Frontline,Email Frontline,Charging & Battery,Charging & Battery,Charging & Battery,4
2025-05,Email Frontline,Email Frontline,Connectivity,Connectivity,Connectivity,6
2025-05,Email Frontline,Email Frontline,Connectivity,Needs review,Needs review,2
2025-05,Email Frontline,Email Frontline,Other,Billing & Payments,Billing & Payments,1
2025-05,Email Frontline,Email Frontline,Other,Cancellation & Order Changes,Cancellation & Order Changes,2
2025-05,Email Frontline,Email Frontline,Other,Needs review,Account & Login,1
2025-05,Email Frontline,Email Frontline,Other,Needs review,Cancellation & Order Changes,2
2025-05,Email Frontline,Email Frontline,Other,Needs review,Connectivity,1
2025-05,Email Frontline,Email Frontline,Other,Needs review,Needs review,4
2025-05,Email Frontline,Email Frontline,Product Enquiry,Needs review,Product Enquiry,1
2025-05,Email Frontline,Email Frontline,Product Enquiry,Product Enquiry,Product Enquiry,3
2025-05,Email Frontline,Escalations & Warranty,Audio Quality,Audio Quality,Audio Quality,1
2025-05,Email Frontline,Returns Desk,App & Firmware,App & Firmware,App & Firmware,1
2025-05,Escalations & Warranty,Escalations & Warranty,Warranty & Repair,Audio Quality,Audio Quality,1
2025-05,Escalations & Warranty,Escalations & Warranty,Warranty & Repair,Charging & Battery,Charging & Battery,2
2025-05,Escalations & Warranty,Escalations & Warranty,Warranty & Repair,Needs review,Audio Quality,1
2025-05,Escalations & Warranty,Escalations & Warranty,Warranty & Repair,Needs review,Charging & Battery,2
2025-05,Escalations & Warranty,Escalations & Warranty,Warranty & Repair,Needs review,Hardware & Controls,1
2025-05,Escalations & Warranty,Escalations & Warranty,Warranty & Repair,Needs review,Needs review,5
2025-05,Escalations & Warranty,Escalations & Warranty,Warranty & Repair,Needs review,Warranty & Repair,1
2025-05,Escalations & Warranty,Escalations & Warranty,Warranty & Repair,Warranty & Repair,Warranty & Repair,12
2025-05,Logistics,Billing,Delivery & Shipping,Delivery & Shipping,Delivery & Shipping,2
2025-05,Logistics,Chat Frontline,Delivery & Shipping,Delivery & Shipping,Delivery & Shipping,1
2025-05,Logistics,Chat Frontline,Delivery & Shipping,Needs review,Needs review,1
2025-05,Logistics,Email Frontline,Delivery & Shipping,Needs review,Needs review,1
2025-05,Logistics,Logistics,Delivery & Shipping,Cancellation & Order Changes,Cancellation & Order Changes,1
2025-05,Logistics,Logistics,Delivery & Shipping,Cancellation & Order Changes,Needs review,2
2025-05,Logistics,Logistics,Delivery & Shipping,Delivery & Shipping,Delivery & Shipping,25
2025-05,Logistics,Logistics,Delivery & Shipping,Delivery & Shipping,Needs review,2
2025-05,Logistics,Logistics,Delivery & Shipping,Needs review,Cancellation & Order Changes,1
2025-05,Logistics,Logistics,Delivery & Shipping,Needs review,Delivery & Shipping,25
2025-05,Logistics,Logistics,Delivery & Shipping,Needs review,Needs review,10
2025-05,Logistics,Logistics,Delivery & Shipping,Returns & Refunds,Returns & Refunds,1
2025-05,Returns Desk,Billing,Returns & Refunds,Returns & Refunds,Returns & Refunds,1
2025-05,Returns Desk,Chat Frontline,Returns & Refunds,Returns & Refunds,Returns & Refunds,1
2025-05,Returns Desk,Email Frontline,Returns & Refunds,Needs review,Returns & Refunds,1
2025-05,Returns Desk,Email Frontline,Returns & Refunds,Returns & Refunds,Returns & Refunds,1
2025-05,Returns Desk,Logistics,Returns & Refunds,Returns & Refunds,Returns & Refunds,1
2025-05,Returns Desk,Returns Desk,Returns & Refunds,Delivery & Shipping,Delivery & Shipping,1
2025-05,Returns Desk,Returns Desk,Returns & Refunds,Delivery & Shipping,Needs review,1
2025-05,Returns Desk,Returns Desk,Returns & Refunds,Needs review,Delivery & Shipping,2
2025-05,Returns Desk,Returns Desk,Returns & Refunds,Needs review,Needs review,2
2025-05,Returns Desk,Returns Desk,Returns & Refunds,Needs review,Returns & Refunds,8
2025-05,Returns Desk,Returns Desk,Returns & Refunds,Returns & Refunds,Returns & Refunds,23
2025-05,Voice Frontline,Chat Frontline,Connectivity,Connectivity,Connectivity,1
2025-05,Voice Frontline,Chat Frontline,Other,Needs review,Charging & Battery,1
2025-05,Voice Frontline,Email Frontline,Connectivity,Connectivity,Connectivity,1
2025-05,Voice Frontline,Email Frontline,Other,Delivery & Shipping,Needs review,1
2025-05,Voice Frontline,Escalations & Warranty,Audio Quality,Audio Quality,Audio Quality,1
2025-05,Voice Frontline,Returns Desk,Product Enquiry,Product Enquiry,Product Enquiry,1
2025-05,Voice Frontline,Voice Frontline,Account & Login,Needs review,Account & Login,1
2025-05,Voice Frontline,Voice Frontline,App & Firmware,App & Firmware,App & Firmware,5
2025-05,Voice Frontline,Voice Frontline,Audio Quality,Audio Quality,Audio Quality,1
2025-05,Voice Frontline,Voice Frontline,Audio Quality,Needs review,Audio Quality,2
2025-05,Voice Frontline,Voice Frontline,Audio Quality,Needs review,Needs review,2
2025-05,Voice Frontline,Voice Frontline,Charging & Battery,Charging & Battery,Charging & Battery,1
2025-05,Voice Frontline,Voice Frontline,Charging & Battery,Needs review,Charging & Battery,3
2025-05,Voice Frontline,Voice Frontline,Charging & Battery,Needs review,Needs review,1
2025-05,Voice Frontline,Voice Frontline,Connectivity,Connectivity,Connectivity,1
2025-05,Voice Frontline,Voice Frontline,Connectivity,Needs review,Connectivity,5
2025-05,Voice Frontline,Voice Frontline,Connectivity,Needs review,Needs review,1
2025-05,Voice Frontline,Voice Frontline,Other,Cancellation & Order Changes,Cancellation & Order Changes,3
2025-05,Voice Frontline,Voice Frontline,Other,Delivery & Shipping,Delivery & Shipping,3
2025-05,Voice Frontline,Voice Frontline,Other,Needs review,Delivery & Shipping,1
2025-05,Voice Frontline,Voice Frontline,Other,Needs review,Product Enquiry,1
2025-05,Voice Frontline,Voice Frontline,Other,Warranty & Repair,Warranty & Repair,1
2025-05,Voice Frontline,Voice Frontline,Product Enquiry,Needs review,Product Enquiry,1
2025-05,Voice Frontline,Voice Frontline,Product Enquiry,Product Enquiry,Product Enquiry,2
2025-06,Billing,Billing,Billing & Payments,Billing & Payments,Billing & Payments,30
2025-06,Billing,Billing,Billing & Payments,Cancellation & Order Changes,Cancellation & Order Changes,2
2025-06,Billing,Billing,Billing & Payments,Delivery & Shipping,Delivery & Shipping,2
2025-06,Billing,Billing,Billing & Payments,Needs review,Billing & Payments,10
2025-06,Billing,Billing,Billing & Payments,Needs review,Cancellation & Order Changes,1
2025-06,Billing,Billing,Billing & Payments,Needs review,Delivery & Shipping,3
2025-06,Billing,Billing,Billing & Payments,Needs review,Needs review,11
2025-06,Billing,Billing,Billing & Payments,Needs review,Returns & Refunds,2
2025-06,Billing,Billing,Billing & Payments,Returns & Refunds,Returns & Refunds,4
2025-06,Billing,Chat Frontline,Billing & Payments,Billing & Payments,Billing & Payments,1
2025-06,Billing,Logistics,Billing & Payments,Billing & Payments,Needs review,1
2025-06,Billing,Logistics,Billing & Payments,Delivery & Shipping,Delivery & Shipping,15
2025-06,Billing,Logistics,Billing & Payments,Delivery & Shipping,Needs review,2
2025-06,Billing,Logistics,Billing & Payments,Needs review,Delivery & Shipping,7
2025-06,Billing,Logistics,Billing & Payments,Needs review,Needs review,5
2025-06,Billing,Logistics,Billing & Payments,Needs review,Returns & Refunds,1
2025-06,Billing,Logistics,Billing & Payments,Returns & Refunds,Needs review,1
2025-06,Chat Frontline,Chat Frontline,Account & Login,Account & Login,Account & Login,8
2025-06,Chat Frontline,Chat Frontline,Account & Login,Billing & Payments,Billing & Payments,1
2025-06,Chat Frontline,Chat Frontline,Account & Login,Needs review,Account & Login,2
2025-06,Chat Frontline,Chat Frontline,Account & Login,Needs review,Needs review,1
2025-06,Chat Frontline,Chat Frontline,App & Firmware,App & Firmware,App & Firmware,5
2025-06,Chat Frontline,Chat Frontline,App & Firmware,Needs review,App & Firmware,6
2025-06,Chat Frontline,Chat Frontline,App & Firmware,Needs review,Charging & Battery,1
2025-06,Chat Frontline,Chat Frontline,Audio Quality,Audio Quality,Audio Quality,3
2025-06,Chat Frontline,Chat Frontline,Audio Quality,Needs review,Audio Quality,3
2025-06,Chat Frontline,Chat Frontline,Audio Quality,Needs review,Connectivity,1
2025-06,Chat Frontline,Chat Frontline,Audio Quality,Needs review,Needs review,1
2025-06,Chat Frontline,Chat Frontline,Charging & Battery,Charging & Battery,Charging & Battery,1
2025-06,Chat Frontline,Chat Frontline,Charging & Battery,Needs review,Charging & Battery,1
2025-06,Chat Frontline,Chat Frontline,Charging & Battery,Needs review,Needs review,3
2025-06,Chat Frontline,Chat Frontline,Connectivity,App & Firmware,App & Firmware,3
2025-06,Chat Frontline,Chat Frontline,Connectivity,Connectivity,Connectivity,1
2025-06,Chat Frontline,Chat Frontline,Connectivity,Needs review,Connectivity,7
2025-06,Chat Frontline,Chat Frontline,Connectivity,Needs review,Needs review,3
2025-06,Chat Frontline,Chat Frontline,Other,Audio Quality,Audio Quality,1
2025-06,Chat Frontline,Chat Frontline,Other,Billing & Payments,Billing & Payments,7
2025-06,Chat Frontline,Chat Frontline,Other,Cancellation & Order Changes,Cancellation & Order Changes,7
2025-06,Chat Frontline,Chat Frontline,Other,Charging & Battery,Charging & Battery,1
2025-06,Chat Frontline,Chat Frontline,Other,Connectivity,Connectivity,1
2025-06,Chat Frontline,Chat Frontline,Other,Delivery & Shipping,Delivery & Shipping,4
2025-06,Chat Frontline,Chat Frontline,Other,Delivery & Shipping,Needs review,1
2025-06,Chat Frontline,Chat Frontline,Other,Hardware & Controls,Hardware & Controls,1
2025-06,Chat Frontline,Chat Frontline,Other,Needs review,Billing & Payments,1
2025-06,Chat Frontline,Chat Frontline,Other,Needs review,Cancellation & Order Changes,1
2025-06,Chat Frontline,Chat Frontline,Other,Needs review,Delivery & Shipping,1
2025-06,Chat Frontline,Chat Frontline,Other,Needs review,Needs review,4
2025-06,Chat Frontline,Chat Frontline,Other,Product Enquiry,Product Enquiry,1
2025-06,Chat Frontline,Chat Frontline,Other,Warranty & Repair,Warranty & Repair,1
2025-06,Chat Frontline,Chat Frontline,Product Enquiry,Needs review,Needs review,2
2025-06,Chat Frontline,Chat Frontline,Product Enquiry,Needs review,Product Enquiry,5
2025-06,Chat Frontline,Chat Frontline,Product Enquiry,Product Enquiry,Product Enquiry,3
2025-06,Chat Frontline,Email Frontline,Audio Quality,Needs review,Audio Quality,1
2025-06,Chat Frontline,Email Frontline,Connectivity,Needs review,Needs review,1
2025-06,Chat Frontline,Email Frontline,Other,Billing & Payments,Billing & Payments,1
2025-06,Chat Frontline,Escalations & Warranty,Audio Quality,Audio Quality,Audio Quality,1
2025-06,Chat Frontline,Escalations & Warranty,Audio Quality,Needs review,Audio Quality,1
2025-06,Chat Frontline,Escalations & Warranty,Connectivity,Needs review,Connectivity,1
2025-06,Chat Frontline,Logistics,Connectivity,Connectivity,Connectivity,1
2025-06,Chat Frontline,Returns Desk,Charging & Battery,Needs review,Charging & Battery,1
2025-06,Chat Frontline,Returns Desk,Other,Cancellation & Order Changes,Cancellation & Order Changes,1
2025-06,Email Frontline,Billing,App & Firmware,App & Firmware,App & Firmware,1
2025-06,Email Frontline,Chat Frontline,App & Firmware,App & Firmware,App & Firmware,1
2025-06,Email Frontline,Chat Frontline,Audio Quality,Audio Quality,Audio Quality,1
2025-06,Email Frontline,Chat Frontline,Charging & Battery,Charging & Battery,Charging & Battery,1
2025-06,Email Frontline,Chat Frontline,Connectivity,Connectivity,Connectivity,3
2025-06,Email Frontline,Chat Frontline,Connectivity,Needs review,Needs review,3
2025-06,Email Frontline,Chat Frontline,Other,Needs review,Delivery & Shipping,1
2025-06,Email Frontline,Chat Frontline,Other,Needs review,Needs review,1
2025-06,Email Frontline,Chat Frontline,Product Enquiry,Needs review,Product Enquiry,1
2025-06,Email Frontline,Email Frontline,Account & Login,Account & Login,Account & Login,2
2025-06,Email Frontline,Email Frontline,Account & Login,Needs review,Account & Login,1
2025-06,Email Frontline,Email Frontline,App & Firmware,App & Firmware,App & Firmware,5
2025-06,Email Frontline,Email Frontline,App & Firmware,App & Firmware,Needs review,1
2025-06,Email Frontline,Email Frontline,App & Firmware,Needs review,Needs review,1
2025-06,Email Frontline,Email Frontline,Audio Quality,Audio Quality,Audio Quality,2
2025-06,Email Frontline,Email Frontline,Audio Quality,Connectivity,Connectivity,1
2025-06,Email Frontline,Email Frontline,Audio Quality,Needs review,Audio Quality,3
2025-06,Email Frontline,Email Frontline,Audio Quality,Needs review,Needs review,2
2025-06,Email Frontline,Email Frontline,Charging & Battery,Charging & Battery,Charging & Battery,3
2025-06,Email Frontline,Email Frontline,Charging & Battery,Needs review,Charging & Battery,1
2025-06,Email Frontline,Email Frontline,Connectivity,Connectivity,Connectivity,4
2025-06,Email Frontline,Email Frontline,Connectivity,Needs review,Connectivity,7
2025-06,Email Frontline,Email Frontline,Connectivity,Needs review,Needs review,1
2025-06,Email Frontline,Email Frontline,Other,Cancellation & Order Changes,Cancellation & Order Changes,6
2025-06,Email Frontline,Email Frontline,Other,Needs review,Cancellation & Order Changes,1
2025-06,Email Frontline,Email Frontline,Other,Needs review,Connectivity,1
2025-06,Email Frontline,Email Frontline,Other,Needs review,Delivery & Shipping,1
2025-06,Email Frontline,Email Frontline,Other,Warranty & Repair,Warranty & Repair,1
2025-06,Email Frontline,Email Frontline,Product Enquiry,Needs review,Billing & Payments,1
2025-06,Email Frontline,Email Frontline,Product Enquiry,Product Enquiry,Product Enquiry,3
2025-06,Email Frontline,Escalations & Warranty,Audio Quality,Needs review,Needs review,1
2025-06,Email Frontline,Escalations & Warranty,Charging & Battery,Charging & Battery,Charging & Battery,1
2025-06,Email Frontline,Logistics,Other,Needs review,Needs review,1
2025-06,Email Frontline,Logistics,Product Enquiry,Product Enquiry,Product Enquiry,1
2025-06,Email Frontline,Returns Desk,App & Firmware,App & Firmware,App & Firmware,1
2025-06,Escalations & Warranty,Chat Frontline,Warranty & Repair,Needs review,Needs review,1
2025-06,Escalations & Warranty,Escalations & Warranty,Warranty & Repair,Charging & Battery,Charging & Battery,1
2025-06,Escalations & Warranty,Escalations & Warranty,Warranty & Repair,Delivery & Shipping,Delivery & Shipping,1
2025-06,Escalations & Warranty,Escalations & Warranty,Warranty & Repair,Hardware & Controls,Hardware & Controls,2
2025-06,Escalations & Warranty,Escalations & Warranty,Warranty & Repair,Needs review,Needs review,3
2025-06,Escalations & Warranty,Escalations & Warranty,Warranty & Repair,Needs review,Warranty & Repair,2
2025-06,Escalations & Warranty,Escalations & Warranty,Warranty & Repair,Returns & Refunds,Needs review,1
2025-06,Escalations & Warranty,Escalations & Warranty,Warranty & Repair,Returns & Refunds,Returns & Refunds,1
2025-06,Escalations & Warranty,Escalations & Warranty,Warranty & Repair,Warranty & Repair,Warranty & Repair,4
2025-06,Logistics,Billing,Delivery & Shipping,Billing & Payments,Needs review,1
2025-06,Logistics,Billing,Delivery & Shipping,Delivery & Shipping,Delivery & Shipping,1
2025-06,Logistics,Chat Frontline,Delivery & Shipping,Needs review,Delivery & Shipping,1
2025-06,Logistics,Email Frontline,Delivery & Shipping,Delivery & Shipping,Delivery & Shipping,1
2025-06,Logistics,Email Frontline,Delivery & Shipping,Needs review,Needs review,1
2025-06,Logistics,Logistics,Delivery & Shipping,Billing & Payments,Needs review,3
2025-06,Logistics,Logistics,Delivery & Shipping,Cancellation & Order Changes,Cancellation & Order Changes,3
2025-06,Logistics,Logistics,Delivery & Shipping,Delivery & Shipping,Delivery & Shipping,39
2025-06,Logistics,Logistics,Delivery & Shipping,Delivery & Shipping,Needs review,2
2025-06,Logistics,Logistics,Delivery & Shipping,Needs review,Delivery & Shipping,18
2025-06,Logistics,Logistics,Delivery & Shipping,Needs review,Needs review,3
2025-06,Logistics,Logistics,Delivery & Shipping,Returns & Refunds,Returns & Refunds,6
2025-06,Logistics,Returns Desk,Delivery & Shipping,Delivery & Shipping,Delivery & Shipping,1
2025-06,Returns Desk,Logistics,Returns & Refunds,Needs review,Returns & Refunds,1
2025-06,Returns Desk,Logistics,Returns & Refunds,Returns & Refunds,Returns & Refunds,1
2025-06,Returns Desk,Returns Desk,Returns & Refunds,Cancellation & Order Changes,Needs review,1
2025-06,Returns Desk,Returns Desk,Returns & Refunds,Delivery & Shipping,Delivery & Shipping,2
2025-06,Returns Desk,Returns Desk,Returns & Refunds,Needs review,Needs review,2
2025-06,Returns Desk,Returns Desk,Returns & Refunds,Needs review,Returns & Refunds,9
2025-06,Returns Desk,Returns Desk,Returns & Refunds,Returns & Refunds,Returns & Refunds,26
2025-06,Voice Frontline,Chat Frontline,Charging & Battery,Charging & Battery,Charging & Battery,1
2025-06,Voice Frontline,Chat Frontline,Other,Cancellation & Order Changes,Cancellation & Order Changes,1
2025-06,Voice Frontline,Email Frontline,Other,Needs review,Billing & Payments,1
2025-06,Voice Frontline,Returns Desk,Audio Quality,Audio Quality,Audio Quality,1
2025-06,Voice Frontline,Voice Frontline,Account & Login,Needs review,Account & Login,2
2025-06,Voice Frontline,Voice Frontline,App & Firmware,App & Firmware,App & Firmware,2
2025-06,Voice Frontline,Voice Frontline,App & Firmware,Needs review,Account & Login,1
2025-06,Voice Frontline,Voice Frontline,App & Firmware,Needs review,App & Firmware,1
2025-06,Voice Frontline,Voice Frontline,Audio Quality,Needs review,Audio Quality,1
2025-06,Voice Frontline,Voice Frontline,Charging & Battery,Charging & Battery,Charging & Battery,3
2025-06,Voice Frontline,Voice Frontline,Charging & Battery,Needs review,Charging & Battery,1
2025-06,Voice Frontline,Voice Frontline,Charging & Battery,Needs review,Needs review,1
2025-06,Voice Frontline,Voice Frontline,Connectivity,Connectivity,Connectivity,3
2025-06,Voice Frontline,Voice Frontline,Connectivity,Needs review,Connectivity,1
2025-06,Voice Frontline,Voice Frontline,Connectivity,Needs review,Needs review,1
2025-06,Voice Frontline,Voice Frontline,Other,Billing & Payments,Billing & Payments,3
2025-06,Voice Frontline,Voice Frontline,Other,Cancellation & Order Changes,Cancellation & Order Changes,1
2025-06,Voice Frontline,Voice Frontline,Other,Delivery & Shipping,Delivery & Shipping,2
2025-06,Voice Frontline,Voice Frontline,Other,Needs review,Audio Quality,1
2025-06,Voice Frontline,Voice Frontline,Other,Needs review,Cancellation & Order Changes,1
2025-06,Voice Frontline,Voice Frontline,Other,Needs review,Charging & Battery,1
2025-06,Voice Frontline,Voice Frontline,Other,Needs review,Needs review,2
2025-06,Voice Frontline,Voice Frontline,Product Enquiry,Billing & Payments,Billing & Payments,1
2025-06,Voice Frontline,Voice Frontline,Product Enquiry,Needs review,Product Enquiry,1
2025-06,Voice Frontline,Voice Frontline,Product Enquiry,Product Enquiry,Product Enquiry,1
2025-07,Billing,Billing,Billing & Payments,Billing & Payments,Billing & Payments,28
2025-07,Billing,Billing,Billing & Payments,Billing & Payments,Needs review,1
2025-07,Billing,Billing,Billing & Payments,Cancellation & Order Changes,Cancellation & Order Changes,1
2025-07,Billing,Billing,Billing & Payments,Delivery & Shipping,Delivery & Shipping,8
2025-07,Billing,Billing,Billing & Payments,Needs review,Billing & Payments,14
2025-07,Billing,Billing,Billing & Payments,Needs review,Delivery & Shipping,4
2025-07,Billing,Billing,Billing & Payments,Needs review,Needs review,2
2025-07,Billing,Billing,Billing & Payments,Needs review,Returns & Refunds,1
2025-07,Billing,Billing,Billing & Payments,Returns & Refunds,Returns & Refunds,4
2025-07,Billing,Chat Frontline,Billing & Payments,Billing & Payments,Billing & Payments,1
2025-07,Billing,Chat Frontline,Billing & Payments,Cancellation & Order Changes,Cancellation & Order Changes,1
2025-07,Billing,Chat Frontline,Billing & Payments,Returns & Refunds,Returns & Refunds,1
2025-07,Billing,Logistics,Billing & Payments,Billing & Payments,Needs review,1
2025-07,Billing,Logistics,Billing & Payments,Cancellation & Order Changes,Needs review,1
2025-07,Billing,Logistics,Billing & Payments,Delivery & Shipping,Delivery & Shipping,17
2025-07,Billing,Logistics,Billing & Payments,Delivery & Shipping,Needs review,1
2025-07,Billing,Logistics,Billing & Payments,Needs review,Delivery & Shipping,5
2025-07,Billing,Logistics,Billing & Payments,Needs review,Needs review,5
2025-07,Billing,Logistics,Billing & Payments,Needs review,Returns & Refunds,1
2025-07,Chat Frontline,Billing,App & Firmware,Needs review,Account & Login,1
2025-07,Chat Frontline,Billing,App & Firmware,Needs review,Charging & Battery,1
2025-07,Chat Frontline,Chat Frontline,Account & Login,Account & Login,Account & Login,3
2025-07,Chat Frontline,Chat Frontline,Account & Login,Needs review,Account & Login,2
2025-07,Chat Frontline,Chat Frontline,App & Firmware,App & Firmware,App & Firmware,10
2025-07,Chat Frontline,Chat Frontline,App & Firmware,Needs review,App & Firmware,2
2025-07,Chat Frontline,Chat Frontline,App & Firmware,Needs review,Needs review,1
2025-07,Chat Frontline,Chat Frontline,Audio Quality,Audio Quality,Audio Quality,2
2025-07,Chat Frontline,Chat Frontline,Audio Quality,Connectivity,Connectivity,1
2025-07,Chat Frontline,Chat Frontline,Charging & Battery,App & Firmware,App & Firmware,1
2025-07,Chat Frontline,Chat Frontline,Charging & Battery,Charging & Battery,Charging & Battery,7
2025-07,Chat Frontline,Chat Frontline,Charging & Battery,Needs review,Audio Quality,1
2025-07,Chat Frontline,Chat Frontline,Charging & Battery,Needs review,Charging & Battery,1
2025-07,Chat Frontline,Chat Frontline,Charging & Battery,Needs review,Needs review,2
2025-07,Chat Frontline,Chat Frontline,Connectivity,App & Firmware,App & Firmware,1
2025-07,Chat Frontline,Chat Frontline,Connectivity,Connectivity,Connectivity,8
2025-07,Chat Frontline,Chat Frontline,Connectivity,Connectivity,Needs review,1
2025-07,Chat Frontline,Chat Frontline,Connectivity,Needs review,App & Firmware,1
2025-07,Chat Frontline,Chat Frontline,Connectivity,Needs review,Connectivity,7
2025-07,Chat Frontline,Chat Frontline,Connectivity,Needs review,Needs review,3
2025-07,Chat Frontline,Chat Frontline,Other,App & Firmware,App & Firmware,2
2025-07,Chat Frontline,Chat Frontline,Other,Billing & Payments,Billing & Payments,2
2025-07,Chat Frontline,Chat Frontline,Other,Cancellation & Order Changes,Cancellation & Order Changes,14
2025-07,Chat Frontline,Chat Frontline,Other,Charging & Battery,Charging & Battery,1
2025-07,Chat Frontline,Chat Frontline,Other,Delivery & Shipping,Delivery & Shipping,3
2025-07,Chat Frontline,Chat Frontline,Other,Delivery & Shipping,Needs review,1
2025-07,Chat Frontline,Chat Frontline,Other,Needs review,Audio Quality,1
2025-07,Chat Frontline,Chat Frontline,Other,Needs review,Billing & Payments,1
2025-07,Chat Frontline,Chat Frontline,Other,Needs review,Cancellation & Order Changes,2
2025-07,Chat Frontline,Chat Frontline,Other,Needs review,Connectivity,1
2025-07,Chat Frontline,Chat Frontline,Other,Needs review,Needs review,1
2025-07,Chat Frontline,Chat Frontline,Other,Needs review,Product Enquiry,1
2025-07,Chat Frontline,Chat Frontline,Other,Returns & Refunds,Needs review,1
2025-07,Chat Frontline,Chat Frontline,Product Enquiry,Billing & Payments,Billing & Payments,1
2025-07,Chat Frontline,Chat Frontline,Product Enquiry,Needs review,Product Enquiry,5
2025-07,Chat Frontline,Chat Frontline,Product Enquiry,Product Enquiry,Product Enquiry,3
2025-07,Chat Frontline,Email Frontline,Account & Login,Account & Login,Account & Login,1
2025-07,Chat Frontline,Email Frontline,Audio Quality,Needs review,Needs review,1
2025-07,Chat Frontline,Email Frontline,Connectivity,App & Firmware,App & Firmware,2
2025-07,Chat Frontline,Email Frontline,Other,Cancellation & Order Changes,Cancellation & Order Changes,3
2025-07,Chat Frontline,Email Frontline,Other,Needs review,Needs review,1
2025-07,Chat Frontline,Email Frontline,Product Enquiry,Needs review,Product Enquiry,1
2025-07,Chat Frontline,Escalations & Warranty,Charging & Battery,Charging & Battery,Charging & Battery,3
2025-07,Chat Frontline,Escalations & Warranty,Connectivity,Needs review,Connectivity,1
2025-07,Chat Frontline,Logistics,App & Firmware,App & Firmware,App & Firmware,1
2025-07,Chat Frontline,Returns Desk,Other,Cancellation & Order Changes,Cancellation & Order Changes,1
2025-07,Chat Frontline,Returns Desk,Product Enquiry,Needs review,Product Enquiry,1
2025-07,Email Frontline,Billing,Account & Login,Needs review,Account & Login,1
2025-07,Email Frontline,Billing,Other,Cancellation & Order Changes,Cancellation & Order Changes,1
2025-07,Email Frontline,Billing,Other,Needs review,Connectivity,1
2025-07,Email Frontline,Chat Frontline,App & Firmware,App & Firmware,App & Firmware,3
2025-07,Email Frontline,Chat Frontline,Audio Quality,Needs review,Needs review,1
2025-07,Email Frontline,Chat Frontline,Charging & Battery,Charging & Battery,Charging & Battery,2
2025-07,Email Frontline,Chat Frontline,Other,App & Firmware,App & Firmware,1
2025-07,Email Frontline,Chat Frontline,Other,Billing & Payments,Billing & Payments,1
2025-07,Email Frontline,Chat Frontline,Other,Needs review,Cancellation & Order Changes,1
2025-07,Email Frontline,Chat Frontline,Other,Needs review,Needs review,1
2025-07,Email Frontline,Chat Frontline,Other,Product Enquiry,Product Enquiry,1
2025-07,Email Frontline,Chat Frontline,Product Enquiry,Product Enquiry,Product Enquiry,1
2025-07,Email Frontline,Email Frontline,Account & Login,Account & Login,Account & Login,2
2025-07,Email Frontline,Email Frontline,Account & Login,Needs review,Needs review,1
2025-07,Email Frontline,Email Frontline,App & Firmware,App & Firmware,App & Firmware,5
2025-07,Email Frontline,Email Frontline,App & Firmware,Needs review,Account & Login,1
2025-07,Email Frontline,Email Frontline,App & Firmware,Needs review,App & Firmware,1
2025-07,Email Frontline,Email Frontline,App & Firmware,Needs review,Needs review,1
2025-07,Email Frontline,Email Frontline,Audio Quality,Audio Quality,Audio Quality,5
2025-07,Email Frontline,Email Frontline,Audio Quality,Needs review,Needs review,2
2025-07,Email Frontline,Email Frontline,Charging & Battery,Charging & Battery,Charging & Battery,10
2025-07,Email Frontline,Email Frontline,Charging & Battery,Needs review,Needs review,1
2025-07,Email Frontline,Email Frontline,Connectivity,App & Firmware,App & Firmware,1
2025-07,Email Frontline,Email Frontline,Connectivity,Connectivity,Connectivity,3
2025-07,Email Frontline,Email Frontline,Connectivity,Needs review,Connectivity,5
2025-07,Email Frontline,Email Frontline,Connectivity,Needs review,Needs review,1
2025-07,Email Frontline,Email Frontline,Other,Cancellation & Order Changes,Cancellation & Order Changes,4
2025-07,Email Frontline,Email Frontline,Other,Connectivity,Connectivity,1
2025-07,Email Frontline,Email Frontline,Other,Delivery & Shipping,Delivery & Shipping,1
2025-07,Email Frontline,Email Frontline,Other,Delivery & Shipping,Needs review,1
2025-07,Email Frontline,Email Frontline,Other,Needs review,Cancellation & Order Changes,1
2025-07,Email Frontline,Email Frontline,Other,Needs review,Connectivity,3
2025-07,Email Frontline,Email Frontline,Other,Needs review,Delivery & Shipping,1
2025-07,Email Frontline,Email Frontline,Other,Needs review,Needs review,4
2025-07,Email Frontline,Email Frontline,Other,Product Enquiry,Product Enquiry,1
2025-07,Email Frontline,Email Frontline,Other,Warranty & Repair,Warranty & Repair,1
2025-07,Email Frontline,Email Frontline,Product Enquiry,Needs review,Product Enquiry,3
2025-07,Email Frontline,Email Frontline,Product Enquiry,Product Enquiry,Product Enquiry,3
2025-07,Email Frontline,Escalations & Warranty,Audio Quality,Audio Quality,Audio Quality,1
2025-07,Email Frontline,Escalations & Warranty,Connectivity,Needs review,Needs review,1
2025-07,Email Frontline,Logistics,Charging & Battery,Charging & Battery,Charging & Battery,1
2025-07,Email Frontline,Logistics,Other,Warranty & Repair,Warranty & Repair,1
2025-07,Escalations & Warranty,Escalations & Warranty,Warranty & Repair,Charging & Battery,Charging & Battery,2
2025-07,Escalations & Warranty,Escalations & Warranty,Warranty & Repair,Hardware & Controls,Hardware & Controls,5
2025-07,Escalations & Warranty,Escalations & Warranty,Warranty & Repair,Needs review,Delivery & Shipping,1
2025-07,Escalations & Warranty,Escalations & Warranty,Warranty & Repair,Needs review,Needs review,2
2025-07,Escalations & Warranty,Escalations & Warranty,Warranty & Repair,Needs review,Warranty & Repair,2
2025-07,Escalations & Warranty,Escalations & Warranty,Warranty & Repair,Warranty & Repair,Warranty & Repair,3
2025-07,Escalations & Warranty,Logistics,Warranty & Repair,Needs review,Needs review,1
2025-07,Escalations & Warranty,Returns Desk,Warranty & Repair,Hardware & Controls,Hardware & Controls,1
2025-07,Logistics,Billing,Delivery & Shipping,Delivery & Shipping,Delivery & Shipping,1
2025-07,Logistics,Email Frontline,Delivery & Shipping,Delivery & Shipping,Delivery & Shipping,1
2025-07,Logistics,Logistics,Delivery & Shipping,Cancellation & Order Changes,Cancellation & Order Changes,3
2025-07,Logistics,Logistics,Delivery & Shipping,Cancellation & Order Changes,Needs review,3
2025-07,Logistics,Logistics,Delivery & Shipping,Delivery & Shipping,Delivery & Shipping,40
2025-07,Logistics,Logistics,Delivery & Shipping,Delivery & Shipping,Needs review,2
2025-07,Logistics,Logistics,Delivery & Shipping,Needs review,Delivery & Shipping,12
2025-07,Logistics,Logistics,Delivery & Shipping,Needs review,Needs review,7
2025-07,Logistics,Logistics,Delivery & Shipping,Needs review,Returns & Refunds,1
2025-07,Logistics,Logistics,Delivery & Shipping,Returns & Refunds,Needs review,1
2025-07,Logistics,Logistics,Delivery & Shipping,Returns & Refunds,Returns & Refunds,8
2025-07,Returns Desk,Logistics,Returns & Refunds,Returns & Refunds,Returns & Refunds,1
2025-07,Returns Desk,Returns Desk,Returns & Refunds,Delivery & Shipping,Delivery & Shipping,1
2025-07,Returns Desk,Returns Desk,Returns & Refunds,Needs review,Delivery & Shipping,1
2025-07,Returns Desk,Returns Desk,Returns & Refunds,Needs review,Needs review,1
2025-07,Returns Desk,Returns Desk,Returns & Refunds,Needs review,Returns & Refunds,10
2025-07,Returns Desk,Returns Desk,Returns & Refunds,Returns & Refunds,Returns & Refunds,23
2025-07,Voice Frontline,Chat Frontline,Charging & Battery,Needs review,Charging & Battery,1
2025-07,Voice Frontline,Chat Frontline,Connectivity,Needs review,Connectivity,1
2025-07,Voice Frontline,Escalations & Warranty,Audio Quality,Needs review,Needs review,1
2025-07,Voice Frontline,Returns Desk,Charging & Battery,Needs review,Needs review,1
2025-07,Voice Frontline,Voice Frontline,Account & Login,Account & Login,Account & Login,1
2025-07,Voice Frontline,Voice Frontline,Account & Login,Needs review,Account & Login,1
2025-07,Voice Frontline,Voice Frontline,App & Firmware,App & Firmware,App & Firmware,1
2025-07,Voice Frontline,Voice Frontline,App & Firmware,Needs review,Account & Login,2
2025-07,Voice Frontline,Voice Frontline,App & Firmware,Needs review,Charging & Battery,1
2025-07,Voice Frontline,Voice Frontline,Audio Quality,Audio Quality,Audio Quality,2
2025-07,Voice Frontline,Voice Frontline,Audio Quality,Needs review,Needs review,1
2025-07,Voice Frontline,Voice Frontline,Charging & Battery,App & Firmware,App & Firmware,1
2025-07,Voice Frontline,Voice Frontline,Charging & Battery,Charging & Battery,Charging & Battery,1
2025-07,Voice Frontline,Voice Frontline,Charging & Battery,Needs review,Charging & Battery,2
2025-07,Voice Frontline,Voice Frontline,Connectivity,Connectivity,Connectivity,1
2025-07,Voice Frontline,Voice Frontline,Connectivity,Needs review,Audio Quality,1
2025-07,Voice Frontline,Voice Frontline,Connectivity,Needs review,Connectivity,4
2025-07,Voice Frontline,Voice Frontline,Connectivity,Needs review,Needs review,2
2025-07,Voice Frontline,Voice Frontline,Other,Billing & Payments,Billing & Payments,1
2025-07,Voice Frontline,Voice Frontline,Other,Cancellation & Order Changes,Cancellation & Order Changes,7
2025-07,Voice Frontline,Voice Frontline,Other,Needs review,Cancellation & Order Changes,1
2025-07,Voice Frontline,Voice Frontline,Other,Needs review,Product Enquiry,1
2025-07,Voice Frontline,Voice Frontline,Product Enquiry,Needs review,Product Enquiry,3
2025-08,Billing,Billing,Billing & Payments,Billing & Payments,Billing & Payments,67
2025-08,Billing,Billing,Billing & Payments,Billing & Payments,Needs review,1
2025-08,Billing,Billing,Billing & Payments,Delivery & Shipping,Delivery & Shipping,9
2025-08,Billing,Billing,Billing & Payments,Needs review,Billing & Payments,16
2025-08,Billing,Billing,Billing & Payments,Needs review,Cancellation & Order Changes,1
2025-08,Billing,Billing,Billing & Payments,Needs review,Delivery & Shipping,3
2025-08,Billing,Billing,Billing & Payments,Needs review,Needs review,8
2025-08,Billing,Billing,Billing & Payments,Returns & Refunds,Needs review,1
2025-08,Billing,Billing,Billing & Payments,Returns & Refunds,Returns & Refunds,7
2025-08,Billing,Chat Frontline,Billing & Payments,Billing & Payments,Billing & Payments,2
2025-08,Billing,Email Frontline,Billing & Payments,Billing & Payments,Billing & Payments,1
2025-08,Billing,Email Frontline,Billing & Payments,Returns & Refunds,Returns & Refunds,1
2025-08,Billing,Logistics,Billing & Payments,Delivery & Shipping,Delivery & Shipping,31
2025-08,Billing,Logistics,Billing & Payments,Delivery & Shipping,Needs review,2
2025-08,Billing,Logistics,Billing & Payments,Needs review,Delivery & Shipping,9
2025-08,Billing,Logistics,Billing & Payments,Needs review,Needs review,2
2025-08,Billing,Returns Desk,Billing & Payments,Billing & Payments,Billing & Payments,1
2025-08,Chat Frontline,Billing,App & Firmware,App & Firmware,App & Firmware,2
2025-08,Chat Frontline,Billing,App & Firmware,Charging & Battery,Charging & Battery,1
2025-08,Chat Frontline,Billing,Audio Quality,Audio Quality,Needs review,1
2025-08,Chat Frontline,Chat Frontline,Account & Login,Account & Login,Account & Login,9
2025-08,Chat Frontline,Chat Frontline,Account & Login,Account & Login,Needs review,1
2025-08,Chat Frontline,Chat Frontline,Account & Login,Needs review,Account & Login,3
2025-08,Chat Frontline,Chat Frontline,Account & Login,Needs review,Needs review,2
2025-08,Chat Frontline,Chat Frontline,App & Firmware,App & Firmware,App & Firmware,7
2025-08,Chat Frontline,Chat Frontline,App & Firmware,Connectivity,Connectivity,1
2025-08,Chat Frontline,Chat Frontline,App & Firmware,Needs review,App & Firmware,2
2025-08,Chat Frontline,Chat Frontline,App & Firmware,Needs review,Connectivity,1
2025-08,Chat Frontline,Chat Frontline,App & Firmware,Needs review,Needs review,4
2025-08,Chat Frontline,Chat Frontline,Audio Quality,Audio Quality,Audio Quality,4
2025-08,Chat Frontline,Chat Frontline,Audio Quality,Connectivity,Connectivity,1
2025-08,Chat Frontline,Chat Frontline,Audio Quality,Needs review,Audio Quality,2
2025-08,Chat Frontline,Chat Frontline,Audio Quality,Needs review,Charging & Battery,1
2025-08,Chat Frontline,Chat Frontline,Audio Quality,Needs review,Needs review,7
2025-08,Chat Frontline,Chat Frontline,Charging & Battery,Audio Quality,Audio Quality,1
2025-08,Chat Frontline,Chat Frontline,Charging & Battery,Charging & Battery,Charging & Battery,14
2025-08,Chat Frontline,Chat Frontline,Charging & Battery,Needs review,App & Firmware,1
2025-08,Chat Frontline,Chat Frontline,Charging & Battery,Needs review,Charging & Battery,6
2025-08,Chat Frontline,Chat Frontline,Charging & Battery,Needs review,Needs review,3
2025-08,Chat Frontline,Chat Frontline,Connectivity,Connectivity,Connectivity,12
2025-08,Chat Frontline,Chat Frontline,Connectivity,Needs review,Connectivity,11
2025-08,Chat Frontline,Chat Frontline,Connectivity,Needs review,Needs review,6
2025-08,Chat Frontline,Chat Frontline,Other,Audio Quality,Audio Quality,1
2025-08,Chat Frontline,Chat Frontline,Other,Cancellation & Order Changes,Cancellation & Order Changes,11
2025-08,Chat Frontline,Chat Frontline,Other,Charging & Battery,Charging & Battery,2
2025-08,Chat Frontline,Chat Frontline,Other,Connectivity,Connectivity,2
2025-08,Chat Frontline,Chat Frontline,Other,Delivery & Shipping,Delivery & Shipping,5
2025-08,Chat Frontline,Chat Frontline,Other,Delivery & Shipping,Needs review,2
2025-08,Chat Frontline,Chat Frontline,Other,Needs review,Audio Quality,1
2025-08,Chat Frontline,Chat Frontline,Other,Needs review,Billing & Payments,1
2025-08,Chat Frontline,Chat Frontline,Other,Needs review,Cancellation & Order Changes,3
2025-08,Chat Frontline,Chat Frontline,Other,Needs review,Charging & Battery,1
2025-08,Chat Frontline,Chat Frontline,Other,Needs review,Needs review,7
2025-08,Chat Frontline,Chat Frontline,Other,Warranty & Repair,Warranty & Repair,3
2025-08,Chat Frontline,Chat Frontline,Product Enquiry,Needs review,Billing & Payments,2
2025-08,Chat Frontline,Chat Frontline,Product Enquiry,Needs review,Product Enquiry,5
2025-08,Chat Frontline,Chat Frontline,Product Enquiry,Product Enquiry,Product Enquiry,9
2025-08,Chat Frontline,Email Frontline,App & Firmware,App & Firmware,App & Firmware,2
2025-08,Chat Frontline,Email Frontline,App & Firmware,Hardware & Controls,Hardware & Controls,1
2025-08,Chat Frontline,Email Frontline,Connectivity,App & Firmware,App & Firmware,1
2025-08,Chat Frontline,Email Frontline,Connectivity,Connectivity,Connectivity,3
2025-08,Chat Frontline,Email Frontline,Other,Billing & Payments,Billing & Payments,1
2025-08,Chat Frontline,Email Frontline,Other,Cancellation & Order Changes,Cancellation & Order Changes,2
2025-08,Chat Frontline,Email Frontline,Other,Needs review,Needs review,2
2025-08,Chat Frontline,Email Frontline,Other,Needs review,Product Enquiry,1
2025-08,Chat Frontline,Email Frontline,Product Enquiry,Needs review,Product Enquiry,1
2025-08,Chat Frontline,Email Frontline,Product Enquiry,Product Enquiry,Product Enquiry,3
2025-08,Chat Frontline,Escalations & Warranty,Audio Quality,Audio Quality,Audio Quality,1
2025-08,Chat Frontline,Escalations & Warranty,Charging & Battery,Charging & Battery,Charging & Battery,1
2025-08,Chat Frontline,Escalations & Warranty,Charging & Battery,Needs review,Charging & Battery,1
2025-08,Chat Frontline,Logistics,Other,Delivery & Shipping,Delivery & Shipping,1
2025-08,Chat Frontline,Returns Desk,App & Firmware,Needs review,App & Firmware,1
2025-08,Email Frontline,Chat Frontline,Account & Login,Account & Login,Account & Login,1
2025-08,Email Frontline,Chat Frontline,Account & Login,Needs review,Account & Login,1
2025-08,Email Frontline,Chat Frontline,App & Firmware,App & Firmware,App & Firmware,3
2025-08,Email Frontline,Chat Frontline,Audio Quality,Needs review,Needs review,2
2025-08,Email Frontline,Chat Frontline,Charging & Battery,Charging & Battery,Charging & Battery,1
2025-08,Email Frontline,Chat Frontline,Charging & Battery,Needs review,App & Firmware,1
2025-08,Email Frontline,Chat Frontline,Connectivity,App & Firmware,App & Firmware,1
2025-08,Email Frontline,Chat Frontline,Connectivity,Connectivity,Connectivity,1
2025-08,Email Frontline,Chat Frontline,Other,Delivery & Shipping,Delivery & Shipping,1
2025-08,Email Frontline,Chat Frontline,Other,Needs review,Needs review,1
2025-08,Email Frontline,Chat Frontline,Other,Product Enquiry,Product Enquiry,1
2025-08,Email Frontline,Chat Frontline,Product Enquiry,Needs review,Needs review,1
2025-08,Email Frontline,Chat Frontline,Product Enquiry,Needs review,Product Enquiry,1
2025-08,Email Frontline,Email Frontline,Account & Login,Account & Login,Account & Login,2
2025-08,Email Frontline,Email Frontline,Account & Login,Billing & Payments,Billing & Payments,2
2025-08,Email Frontline,Email Frontline,Account & Login,Needs review,Account & Login,2
2025-08,Email Frontline,Email Frontline,Account & Login,Needs review,Needs review,1
2025-08,Email Frontline,Email Frontline,App & Firmware,App & Firmware,App & Firmware,5
2025-08,Email Frontline,Email Frontline,App & Firmware,Needs review,App & Firmware,1
2025-08,Email Frontline,Email Frontline,App & Firmware,Needs review,Needs review,1
2025-08,Email Frontline,Email Frontline,Audio Quality,Audio Quality,Audio Quality,4
2025-08,Email Frontline,Email Frontline,Audio Quality,Needs review,Audio Quality,2
2025-08,Email Frontline,Email Frontline,Audio Quality,Needs review,Needs review,1
2025-08,Email Frontline,Email Frontline,Charging & Battery,Billing & Payments,Needs review,1
2025-08,Email Frontline,Email Frontline,Charging & Battery,Charging & Battery,Charging & Battery,4
2025-08,Email Frontline,Email Frontline,Charging & Battery,Needs review,Charging & Battery,3
2025-08,Email Frontline,Email Frontline,Connectivity,Audio Quality,Audio Quality,1
2025-08,Email Frontline,Email Frontline,Connectivity,Connectivity,Connectivity,3
2025-08,Email Frontline,Email Frontline,Connectivity,Needs review,Connectivity,2
2025-08,Email Frontline,Email Frontline,Connectivity,Needs review,Needs review,2
2025-08,Email Frontline,Email Frontline,Other,App & Firmware,App & Firmware,1
2025-08,Email Frontline,Email Frontline,Other,Cancellation & Order Changes,Cancellation & Order Changes,4
2025-08,Email Frontline,Email Frontline,Other,Charging & Battery,Charging & Battery,1
2025-08,Email Frontline,Email Frontline,Other,Delivery & Shipping,Delivery & Shipping,5
2025-08,Email Frontline,Email Frontline,Other,Needs review,Billing & Payments,1
2025-08,Email Frontline,Email Frontline,Other,Needs review,Connectivity,1
2025-08,Email Frontline,Email Frontline,Other,Needs review,Needs review,9
2025-08,Email Frontline,Email Frontline,Other,Product Enquiry,Product Enquiry,2
2025-08,Email Frontline,Email Frontline,Other,Warranty & Repair,Warranty & Repair,1
2025-08,Email Frontline,Email Frontline,Product Enquiry,Needs review,Billing & Payments,1
2025-08,Email Frontline,Email Frontline,Product Enquiry,Needs review,Product Enquiry,1
2025-08,Email Frontline,Email Frontline,Product Enquiry,Product Enquiry,Product Enquiry,4
2025-08,Email Frontline,Escalations & Warranty,Audio Quality,Needs review,Needs review,1
2025-08,Email Frontline,Returns Desk,Account & Login,Needs review,Needs review,1
2025-08,Email Frontline,Returns Desk,Charging & Battery,Needs review,Needs review,1
2025-08,Escalations & Warranty,Escalations & Warranty,Warranty & Repair,Charging & Battery,Charging & Battery,3
2025-08,Escalations & Warranty,Escalations & Warranty,Warranty & Repair,Delivery & Shipping,Delivery & Shipping,2
2025-08,Escalations & Warranty,Escalations & Warranty,Warranty & Repair,Hardware & Controls,Hardware & Controls,3
2025-08,Escalations & Warranty,Escalations & Warranty,Warranty & Repair,Needs review,Needs review,3
2025-08,Escalations & Warranty,Escalations & Warranty,Warranty & Repair,Needs review,Warranty & Repair,2
2025-08,Escalations & Warranty,Escalations & Warranty,Warranty & Repair,Returns & Refunds,Needs review,2
2025-08,Escalations & Warranty,Escalations & Warranty,Warranty & Repair,Warranty & Repair,Warranty & Repair,10
2025-08,Logistics,Billing,Delivery & Shipping,Delivery & Shipping,Delivery & Shipping,1
2025-08,Logistics,Billing,Delivery & Shipping,Returns & Refunds,Returns & Refunds,1
2025-08,Logistics,Chat Frontline,Delivery & Shipping,Needs review,Needs review,1
2025-08,Logistics,Email Frontline,Delivery & Shipping,Needs review,Delivery & Shipping,1
2025-08,Logistics,Email Frontline,Delivery & Shipping,Needs review,Needs review,2
2025-08,Logistics,Logistics,Delivery & Shipping,Billing & Payments,Needs review,1
2025-08,Logistics,Logistics,Delivery & Shipping,Cancellation & Order Changes,Cancellation & Order Changes,4
2025-08,Logistics,Logistics,Delivery & Shipping,Delivery & Shipping,Delivery & Shipping,67
2025-08,Logistics,Logistics,Delivery & Shipping,Delivery & Shipping,Needs review,2
2025-08,Logistics,Logistics,Delivery & Shipping,Needs review,Cancellation & Order Changes,1
2025-08,Logistics,Logistics,Delivery & Shipping,Needs review,Delivery & Shipping,29
2025-08,Logistics,Logistics,Delivery & Shipping,Needs review,Needs review,11
2025-08,Logistics,Logistics,Delivery & Shipping,Returns & Refunds,Returns & Refunds,1
2025-08,Returns Desk,Billing,Returns & Refunds,Returns & Refunds,Returns & Refunds,2
2025-08,Returns Desk,Chat Frontline,Returns & Refunds,Needs review,Returns & Refunds,1
2025-08,Returns Desk,Email Frontline,Returns & Refunds,Returns & Refunds,Returns & Refunds,1
2025-08,Returns Desk,Logistics,Returns & Refunds,Delivery & Shipping,Delivery & Shipping,1
2025-08,Returns Desk,Logistics,Returns & Refunds,Returns & Refunds,Returns & Refunds,1
2025-08,Returns Desk,Returns Desk,Returns & Refunds,Cancellation & Order Changes,Needs review,1
2025-08,Returns Desk,Returns Desk,Returns & Refunds,Delivery & Shipping,Delivery & Shipping,3
2025-08,Returns Desk,Returns Desk,Returns & Refunds,Needs review,Delivery & Shipping,5
2025-08,Returns Desk,Returns Desk,Returns & Refunds,Needs review,Returns & Refunds,10
2025-08,Returns Desk,Returns Desk,Returns & Refunds,Returns & Refunds,Returns & Refunds,50
2025-08,Voice Frontline,Billing,App & Firmware,Needs review,Needs review,1
2025-08,Voice Frontline,Billing,Connectivity,Needs review,Needs review,1
2025-08,Voice Frontline,Chat Frontline,Audio Quality,Audio Quality,Audio Quality,1
2025-08,Voice Frontline,Email Frontline,Other,Delivery & Shipping,Needs review,1
2025-08,Voice Frontline,Returns Desk,Charging & Battery,Needs review,Needs review,1
2025-08,Voice Frontline,Voice Frontline,Account & Login,Account & Login,Account & Login,1
2025-08,Voice Frontline,Voice Frontline,Account & Login,Needs review,Account & Login,1
2025-08,Voice Frontline,Voice Frontline,App & Firmware,App & Firmware,App & Firmware,3
2025-08,Voice Frontline,Voice Frontline,App & Firmware,Needs review,Account & Login,1
2025-08,Voice Frontline,Voice Frontline,App & Firmware,Needs review,App & Firmware,2
2025-08,Voice Frontline,Voice Frontline,Audio Quality,Audio Quality,Audio Quality,2
2025-08,Voice Frontline,Voice Frontline,Audio Quality,Needs review,Audio Quality,1
2025-08,Voice Frontline,Voice Frontline,Audio Quality,Needs review,Needs review,1
2025-08,Voice Frontline,Voice Frontline,Charging & Battery,Charging & Battery,Charging & Battery,2
2025-08,Voice Frontline,Voice Frontline,Charging & Battery,Needs review,Charging & Battery,5
2025-08,Voice Frontline,Voice Frontline,Connectivity,App & Firmware,App & Firmware,2
2025-08,Voice Frontline,Voice Frontline,Connectivity,Connectivity,Connectivity,5
2025-08,Voice Frontline,Voice Frontline,Connectivity,Needs review,Connectivity,2
2025-08,Voice Frontline,Voice Frontline,Connectivity,Needs review,Needs review,1
2025-08,Voice Frontline,Voice Frontline,Other,Billing & Payments,Billing & Payments,1
2025-08,Voice Frontline,Voice Frontline,Other,Cancellation & Order Changes,Cancellation & Order Changes,2
2025-08,Voice Frontline,Voice Frontline,Other,Charging & Battery,Charging & Battery,1
2025-08,Voice Frontline,Voice Frontline,Other,Delivery & Shipping,Delivery & Shipping,1
2025-08,Voice Frontline,Voice Frontline,Other,Delivery & Shipping,Needs review,2
2025-08,Voice Frontline,Voice Frontline,Other,Needs review,Needs review,1
2025-08,Voice Frontline,Voice Frontline,Other,Returns & Refunds,Needs review,1
2025-08,Voice Frontline,Voice Frontline,Product Enquiry,Needs review,Product Enquiry,1
2025-09,Billing,Billing,Billing & Payments,Billing & Payments,Billing & Payments,35
2025-09,Billing,Billing,Billing & Payments,Billing & Payments,Needs review,1
2025-09,Billing,Billing,Billing & Payments,Cancellation & Order Changes,Cancellation & Order Changes,2
2025-09,Billing,Billing,Billing & Payments,Delivery & Shipping,Delivery & Shipping,8
2025-09,Billing,Billing,Billing & Payments,Needs review,Billing & Payments,20
2025-09,Billing,Billing,Billing & Payments,Needs review,Delivery & Shipping,1
2025-09,Billing,Billing,Billing & Payments,Needs review,Needs review,13
2025-09,Billing,Billing,Billing & Payments,Needs review,Returns & Refunds,1
2025-09,Billing,Billing,Billing & Payments,Returns & Refunds,Returns & Refunds,6
2025-09,Billing,Email Frontline,Billing & Payments,Needs review,Billing & Payments,1
2025-09,Billing,Email Frontline,Billing & Payments,Needs review,Needs review,1
2025-09,Billing,Logistics,Billing & Payments,Billing & Payments,Needs review,1
2025-09,Billing,Logistics,Billing & Payments,Delivery & Shipping,Delivery & Shipping,31
2025-09,Billing,Logistics,Billing & Payments,Delivery & Shipping,Needs review,4
2025-09,Billing,Logistics,Billing & Payments,Needs review,Billing & Payments,1
2025-09,Billing,Logistics,Billing & Payments,Needs review,Delivery & Shipping,7
2025-09,Billing,Logistics,Billing & Payments,Needs review,Needs review,6
2025-09,Billing,Returns Desk,Billing & Payments,Billing & Payments,Billing & Payments,2
2025-09,Billing,Returns Desk,Billing & Payments,Needs review,Billing & Payments,1
2025-09,Billing,Returns Desk,Billing & Payments,Needs review,Needs review,1
2025-09,Chat Frontline,Billing,Other,Delivery & Shipping,Delivery & Shipping,1
2025-09,Chat Frontline,Chat Frontline,Account & Login,Account & Login,Account & Login,2
2025-09,Chat Frontline,Chat Frontline,Account & Login,Billing & Payments,Billing & Payments,1
2025-09,Chat Frontline,Chat Frontline,Account & Login,Needs review,Account & Login,2
2025-09,Chat Frontline,Chat Frontline,Account & Login,Needs review,Needs review,3
2025-09,Chat Frontline,Chat Frontline,App & Firmware,Account & Login,Account & Login,2
2025-09,Chat Frontline,Chat Frontline,App & Firmware,App & Firmware,App & Firmware,13
2025-09,Chat Frontline,Chat Frontline,App & Firmware,Charging & Battery,Charging & Battery,1
2025-09,Chat Frontline,Chat Frontline,App & Firmware,Needs review,App & Firmware,3
2025-09,Chat Frontline,Chat Frontline,App & Firmware,Needs review,Connectivity,1
2025-09,Chat Frontline,Chat Frontline,Audio Quality,Audio Quality,Audio Quality,3
2025-09,Chat Frontline,Chat Frontline,Audio Quality,Needs review,Audio Quality,2
2025-09,Chat Frontline,Chat Frontline,Audio Quality,Needs review,Charging & Battery,1
2025-09,Chat Frontline,Chat Frontline,Charging & Battery,Charging & Battery,Charging & Battery,8
2025-09,Chat Frontline,Chat Frontline,Charging & Battery,Needs review,App & Firmware,1
2025-09,Chat Frontline,Chat Frontline,Charging & Battery,Needs review,Charging & Battery,8
2025-09,Chat Frontline,Chat Frontline,Charging & Battery,Needs review,Needs review,4
2025-09,Chat Frontline,Chat Frontline,Charging & Battery,Returns & Refunds,Needs review,1
2025-09,Chat Frontline,Chat Frontline,Connectivity,Connectivity,Connectivity,6
2025-09,Chat Frontline,Chat Frontline,Connectivity,Needs review,Connectivity,8
2025-09,Chat Frontline,Chat Frontline,Connectivity,Needs review,Needs review,5
2025-09,Chat Frontline,Chat Frontline,Other,Audio Quality,Audio Quality,1
2025-09,Chat Frontline,Chat Frontline,Other,Billing & Payments,Billing & Payments,5
2025-09,Chat Frontline,Chat Frontline,Other,Billing & Payments,Needs review,1
2025-09,Chat Frontline,Chat Frontline,Other,Cancellation & Order Changes,Cancellation & Order Changes,8
2025-09,Chat Frontline,Chat Frontline,Other,Connectivity,Connectivity,1
2025-09,Chat Frontline,Chat Frontline,Other,Delivery & Shipping,Delivery & Shipping,9
2025-09,Chat Frontline,Chat Frontline,Other,Needs review,Cancellation & Order Changes,2
2025-09,Chat Frontline,Chat Frontline,Other,Needs review,Connectivity,2
2025-09,Chat Frontline,Chat Frontline,Other,Needs review,Delivery & Shipping,2
2025-09,Chat Frontline,Chat Frontline,Other,Needs review,Needs review,5
2025-09,Chat Frontline,Chat Frontline,Other,Needs review,Product Enquiry,2
2025-09,Chat Frontline,Chat Frontline,Other,Product Enquiry,Product Enquiry,1
2025-09,Chat Frontline,Chat Frontline,Product Enquiry,Billing & Payments,Billing & Payments,1
2025-09,Chat Frontline,Chat Frontline,Product Enquiry,Needs review,Needs review,4
2025-09,Chat Frontline,Chat Frontline,Product Enquiry,Needs review,Product Enquiry,10
2025-09,Chat Frontline,Chat Frontline,Product Enquiry,Product Enquiry,Product Enquiry,9
2025-09,Chat Frontline,Email Frontline,App & Firmware,App & Firmware,App & Firmware,1
2025-09,Chat Frontline,Email Frontline,Charging & Battery,Charging & Battery,Charging & Battery,3
2025-09,Chat Frontline,Email Frontline,Connectivity,Needs review,Needs review,1
2025-09,Chat Frontline,Email Frontline,Other,App & Firmware,App & Firmware,1
2025-09,Chat Frontline,Email Frontline,Other,Cancellation & Order Changes,Cancellation & Order Changes,1
2025-09,Chat Frontline,Email Frontline,Other,Needs review,Billing & Payments,1
2025-09,Chat Frontline,Email Frontline,Product Enquiry,Needs review,Product Enquiry,1
2025-09,Chat Frontline,Email Frontline,Product Enquiry,Product Enquiry,Product Enquiry,3
2025-09,Chat Frontline,Escalations & Warranty,Charging & Battery,Charging & Battery,Charging & Battery,1
2025-09,Chat Frontline,Escalations & Warranty,Connectivity,Connectivity,Connectivity,1
2025-09,Chat Frontline,Escalations & Warranty,Connectivity,Needs review,Connectivity,2
2025-09,Chat Frontline,Escalations & Warranty,Connectivity,Needs review,Needs review,1
2025-09,Chat Frontline,Logistics,App & Firmware,App & Firmware,App & Firmware,1
2025-09,Chat Frontline,Logistics,Charging & Battery,Needs review,Charging & Battery,1
2025-09,Chat Frontline,Logistics,Other,Delivery & Shipping,Delivery & Shipping,2
2025-09,Chat Frontline,Returns Desk,Connectivity,Connectivity,Connectivity,1
2025-09,Email Frontline,Billing,App & Firmware,App & Firmware,App & Firmware,1
2025-09,Email Frontline,Billing,Audio Quality,Audio Quality,Audio Quality,1
2025-09,Email Frontline,Billing,Product Enquiry,Product Enquiry,Product Enquiry,1
2025-09,Email Frontline,Chat Frontline,App & Firmware,App & Firmware,App & Firmware,1
2025-09,Email Frontline,Chat Frontline,App & Firmware,Connectivity,Connectivity,1
2025-09,Email Frontline,Chat Frontline,Audio Quality,Connectivity,Connectivity,1
2025-09,Email Frontline,Chat Frontline,Audio Quality,Needs review,Audio Quality,1
2025-09,Email Frontline,Chat Frontline,Audio Quality,Needs review,Needs review,2
2025-09,Email Frontline,Chat Frontline,Charging & Battery,Needs review,App & Firmware,1
2025-09,Email Frontline,Chat Frontline,Charging & Battery,Needs review,Charging & Battery,1
2025-09,Email Frontline,Chat Frontline,Charging & Battery,Needs review,Needs review,1
2025-09,Email Frontline,Chat Frontline,Connectivity,Connectivity,Connectivity,1
2025-09,Email Frontline,Chat Frontline,Connectivity,Needs review,Connectivity,4
2025-09,Email Frontline,Chat Frontline,Other,Cancellation & Order Changes,Cancellation & Order Changes,3
2025-09,Email Frontline,Chat Frontline,Other,Connectivity,Connectivity,1
2025-09,Email Frontline,Chat Frontline,Other,Delivery & Shipping,Delivery & Shipping,2
2025-09,Email Frontline,Chat Frontline,Other,Delivery & Shipping,Needs review,1
2025-09,Email Frontline,Chat Frontline,Other,Needs review,Account & Login,1
2025-09,Email Frontline,Chat Frontline,Other,Needs review,Billing & Payments,1
2025-09,Email Frontline,Chat Frontline,Other,Needs review,Needs review,1
2025-09,Email Frontline,Chat Frontline,Product Enquiry,Needs review,Needs review,1
2025-09,Email Frontline,Chat Frontline,Product Enquiry,Needs review,Product Enquiry,1
2025-09,Email Frontline,Chat Frontline,Product Enquiry,Product Enquiry,Product Enquiry,1
2025-09,Email Frontline,Email Frontline,Account & Login,Account & Login,Account & Login,6
2025-09,Email Frontline,Email Frontline,Account & Login,Billing & Payments,Billing & Payments,3
2025-09,Email Frontline,Email Frontline,Account & Login,Needs review,Account & Login,2
2025-09,Email Frontline,Email Frontline,App & Firmware,Account & Login,Account & Login,1
2025-09,Email Frontline,Email Frontline,App & Firmware,App & Firmware,App & Firmware,6
2025-09,Email Frontline,Email Frontline,App & Firmware,Connectivity,Connectivity,1
2025-09,Email Frontline,Email Frontline,App & Firmware,Needs review,App & Firmware,3
2025-09,Email Frontline,Email Frontline,Audio Quality,Audio Quality,Audio Quality,4
2025-09,Email Frontline,Email Frontline,Audio Quality,Audio Quality,Needs review,1
2025-09,Email Frontline,Email Frontline,Audio Quality,Needs review,Audio Quality,3
2025-09,Email Frontline,Email Frontline,Audio Quality,Needs review,Needs review,2
2025-09,Email Frontline,Email Frontline,Charging & Battery,App & Firmware,App & Firmware,2
2025-09,Email Frontline,Email Frontline,Charging & Battery,Charging & Battery,Charging & Battery,4
2025-09,Email Frontline,Email Frontline,Charging & Battery,Needs review,Charging & Battery,1
2025-09,Email Frontline,Email Frontline,Charging & Battery,Needs review,Needs review,2
2025-09,Email Frontline,Email Frontline,Connectivity,App & Firmware,App & Firmware,1
2025-09,Email Frontline,Email Frontline,Connectivity,Connectivity,Connectivity,3
2025-09,Email Frontline,Email Frontline,Connectivity,Needs review,Connectivity,3
2025-09,Email Frontline,Email Frontline,Connectivity,Needs review,Needs review,1
2025-09,Email Frontline,Email Frontline,Other,Account & Login,Account & Login,1
2025-09,Email Frontline,Email Frontline,Other,Billing & Payments,Billing & Payments,1
2025-09,Email Frontline,Email Frontline,Other,Cancellation & Order Changes,Cancellation & Order Changes,3
2025-09,Email Frontline,Email Frontline,Other,Delivery & Shipping,Delivery & Shipping,4
2025-09,Email Frontline,Email Frontline,Other,Delivery & Shipping,Needs review,1
2025-09,Email Frontline,Email Frontline,Other,Needs review,Billing & Payments,1
2025-09,Email Frontline,Email Frontline,Other,Needs review,Needs review,2
2025-09,Email Frontline,Email Frontline,Other,Needs review,Product Enquiry,1
2025-09,Email Frontline,Email Frontline,Other,Product Enquiry,Product Enquiry,2
2025-09,Email Frontline,Email Frontline,Other,Returns & Refunds,Returns & Refunds,1
2025-09,Email Frontline,Email Frontline,Product Enquiry,Charging & Battery,Charging & Battery,1
2025-09,Email Frontline,Email Frontline,Product Enquiry,Needs review,Billing & Payments,2
2025-09,Email Frontline,Email Frontline,Product Enquiry,Needs review,Product Enquiry,3
2025-09,Email Frontline,Email Frontline,Product Enquiry,Product Enquiry,Product Enquiry,1
2025-09,Email Frontline,Escalations & Warranty,App & Firmware,Connectivity,Connectivity,1
2025-09,Email Frontline,Escalations & Warranty,Charging & Battery,Needs review,Charging & Battery,1
2025-09,Email Frontline,Logistics,Account & Login,Needs review,Account & Login,1
2025-09,Email Frontline,Logistics,Charging & Battery,Charging & Battery,Charging & Battery,1
2025-09,Email Frontline,Returns Desk,App & Firmware,App & Firmware,App & Firmware,1
2025-09,Email Frontline,Returns Desk,Audio Quality,Needs review,Audio Quality,1
2025-09,Email Frontline,Returns Desk,Charging & Battery,Charging & Battery,Charging & Battery,1
2025-09,Escalations & Warranty,Email Frontline,Warranty & Repair,Charging & Battery,Needs review,1
2025-09,Escalations & Warranty,Escalations & Warranty,Warranty & Repair,Charging & Battery,Charging & Battery,1
2025-09,Escalations & Warranty,Escalations & Warranty,Warranty & Repair,Delivery & Shipping,Delivery & Shipping,1
2025-09,Escalations & Warranty,Escalations & Warranty,Warranty & Repair,Hardware & Controls,Hardware & Controls,3
2025-09,Escalations & Warranty,Escalations & Warranty,Warranty & Repair,Needs review,Charging & Battery,1
2025-09,Escalations & Warranty,Escalations & Warranty,Warranty & Repair,Needs review,Delivery & Shipping,1
2025-09,Escalations & Warranty,Escalations & Warranty,Warranty & Repair,Needs review,Hardware & Controls,1
2025-09,Escalations & Warranty,Escalations & Warranty,Warranty & Repair,Needs review,Needs review,5
2025-09,Escalations & Warranty,Escalations & Warranty,Warranty & Repair,Needs review,Returns & Refunds,1
2025-09,Escalations & Warranty,Escalations & Warranty,Warranty & Repair,Returns & Refunds,Needs review,1
2025-09,Escalations & Warranty,Escalations & Warranty,Warranty & Repair,Warranty & Repair,Warranty & Repair,11
2025-09,Escalations & Warranty,Returns Desk,Warranty & Repair,Warranty & Repair,Warranty & Repair,1
2025-09,Logistics,Billing,Delivery & Shipping,Cancellation & Order Changes,Cancellation & Order Changes,1
2025-09,Logistics,Billing,Delivery & Shipping,Delivery & Shipping,Delivery & Shipping,1
2025-09,Logistics,Chat Frontline,Delivery & Shipping,Billing & Payments,Billing & Payments,1
2025-09,Logistics,Chat Frontline,Delivery & Shipping,Delivery & Shipping,Delivery & Shipping,2
2025-09,Logistics,Chat Frontline,Delivery & Shipping,Needs review,Needs review,2
2025-09,Logistics,Email Frontline,Delivery & Shipping,Cancellation & Order Changes,Cancellation & Order Changes,1
2025-09,Logistics,Email Frontline,Delivery & Shipping,Delivery & Shipping,Delivery & Shipping,1
2025-09,Logistics,Logistics,Delivery & Shipping,Cancellation & Order Changes,Cancellation & Order Changes,1
2025-09,Logistics,Logistics,Delivery & Shipping,Cancellation & Order Changes,Needs review,1
2025-09,Logistics,Logistics,Delivery & Shipping,Delivery & Shipping,Delivery & Shipping,57
2025-09,Logistics,Logistics,Delivery & Shipping,Needs review,Cancellation & Order Changes,2
2025-09,Logistics,Logistics,Delivery & Shipping,Needs review,Delivery & Shipping,20
2025-09,Logistics,Logistics,Delivery & Shipping,Needs review,Needs review,7
2025-09,Logistics,Logistics,Delivery & Shipping,Returns & Refunds,Needs review,2
2025-09,Logistics,Logistics,Delivery & Shipping,Returns & Refunds,Returns & Refunds,2
2025-09,Logistics,Returns Desk,Delivery & Shipping,Delivery & Shipping,Delivery & Shipping,2
2025-09,Returns Desk,Returns Desk,Returns & Refunds,Delivery & Shipping,Delivery & Shipping,3
2025-09,Returns Desk,Returns Desk,Returns & Refunds,Needs review,Delivery & Shipping,6
2025-09,Returns Desk,Returns Desk,Returns & Refunds,Needs review,Needs review,6
2025-09,Returns Desk,Returns Desk,Returns & Refunds,Needs review,Returns & Refunds,13
2025-09,Returns Desk,Returns Desk,Returns & Refunds,Returns & Refunds,Returns & Refunds,42
2025-09,Voice Frontline,Billing,Other,Warranty & Repair,Warranty & Repair,1
2025-09,Voice Frontline,Chat Frontline,App & Firmware,App & Firmware,App & Firmware,2
2025-09,Voice Frontline,Chat Frontline,Connectivity,Needs review,Connectivity,1
2025-09,Voice Frontline,Chat Frontline,Connectivity,Needs review,Needs review,1
2025-09,Voice Frontline,Chat Frontline,Other,Cancellation & Order Changes,Cancellation & Order Changes,1
2025-09,Voice Frontline,Chat Frontline,Product Enquiry,Product Enquiry,Product Enquiry,1
2025-09,Voice Frontline,Escalations & Warranty,Charging & Battery,Charging & Battery,Charging & Battery,1
2025-09,Voice Frontline,Escalations & Warranty,Connectivity,Needs review,Connectivity,1
2025-09,Voice Frontline,Escalations & Warranty,Connectivity,Needs review,Needs review,1
2025-09,Voice Frontline,Logistics,Account & Login,Billing & Payments,Billing & Payments,1
2025-09,Voice Frontline,Logistics,App & Firmware,App & Firmware,App & Firmware,1
2025-09,Voice Frontline,Logistics,Product Enquiry,Needs review,Product Enquiry,1
2025-09,Voice Frontline,Returns Desk,App & Firmware,App & Firmware,App & Firmware,1
2025-09,Voice Frontline,Voice Frontline,Account & Login,Account & Login,Account & Login,2
2025-09,Voice Frontline,Voice Frontline,Account & Login,Needs review,Account & Login,2
2025-09,Voice Frontline,Voice Frontline,App & Firmware,App & Firmware,App & Firmware,4
2025-09,Voice Frontline,Voice Frontline,App & Firmware,Connectivity,Connectivity,1
2025-09,Voice Frontline,Voice Frontline,App & Firmware,Needs review,Connectivity,1
2025-09,Voice Frontline,Voice Frontline,Audio Quality,Audio Quality,Audio Quality,3
2025-09,Voice Frontline,Voice Frontline,Audio Quality,Needs review,Audio Quality,2
2025-09,Voice Frontline,Voice Frontline,Audio Quality,Needs review,Needs review,2
2025-09,Voice Frontline,Voice Frontline,Charging & Battery,Charging & Battery,Charging & Battery,3
2025-09,Voice Frontline,Voice Frontline,Charging & Battery,Needs review,Charging & Battery,1
2025-09,Voice Frontline,Voice Frontline,Charging & Battery,Needs review,Needs review,1
2025-09,Voice Frontline,Voice Frontline,Connectivity,Connectivity,Connectivity,3
2025-09,Voice Frontline,Voice Frontline,Connectivity,Connectivity,Needs review,1
2025-09,Voice Frontline,Voice Frontline,Connectivity,Needs review,Connectivity,1
2025-09,Voice Frontline,Voice Frontline,Connectivity,Needs review,Needs review,1
2025-09,Voice Frontline,Voice Frontline,Other,Billing & Payments,Billing & Payments,1
2025-09,Voice Frontline,Voice Frontline,Other,Cancellation & Order Changes,Cancellation & Order Changes,3
2025-09,Voice Frontline,Voice Frontline,Other,Delivery & Shipping,Delivery & Shipping,2
2025-09,Voice Frontline,Voice Frontline,Other,Hardware & Controls,Hardware & Controls,1
2025-09,Voice Frontline,Voice Frontline,Other,Needs review,Delivery & Shipping,1
2025-09,Voice Frontline,Voice Frontline,Product Enquiry,Needs review,Product Enquiry,3
2025-09,Voice Frontline,Voice Frontline,Product Enquiry,Product Enquiry,Product Enquiry,3
2025-10,Billing,Billing,Billing & Payments,Billing & Payments,Billing & Payments,75
2025-10,Billing,Billing,Billing & Payments,Billing & Payments,Needs review,1
2025-10,Billing,Billing,Billing & Payments,Cancellation & Order Changes,Cancellation & Order Changes,2
2025-10,Billing,Billing,Billing & Payments,Delivery & Shipping,Delivery & Shipping,12
2025-10,Billing,Billing,Billing & Payments,Delivery & Shipping,Needs review,1
2025-10,Billing,Billing,Billing & Payments,Needs review,Billing & Payments,25
2025-10,Billing,Billing,Billing & Payments,Needs review,Delivery & Shipping,2
2025-10,Billing,Billing,Billing & Payments,Needs review,Needs review,11
2025-10,Billing,Billing,Billing & Payments,Needs review,Returns & Refunds,4
2025-10,Billing,Billing,Billing & Payments,Returns & Refunds,Returns & Refunds,2
2025-10,Billing,Chat Frontline,Billing & Payments,Billing & Payments,Billing & Payments,1
2025-10,Billing,Logistics,Billing & Payments,Billing & Payments,Billing & Payments,2
2025-10,Billing,Logistics,Billing & Payments,Delivery & Shipping,Delivery & Shipping,42
2025-10,Billing,Logistics,Billing & Payments,Delivery & Shipping,Needs review,2
2025-10,Billing,Logistics,Billing & Payments,Needs review,Billing & Payments,1
2025-10,Billing,Logistics,Billing & Payments,Needs review,Delivery & Shipping,10
2025-10,Billing,Logistics,Billing & Payments,Needs review,Needs review,4
2025-10,Billing,Returns Desk,Billing & Payments,Billing & Payments,Billing & Payments,1
2025-10,Chat Frontline,Billing,App & Firmware,Needs review,Account & Login,1
2025-10,Chat Frontline,Billing,Other,Cancellation & Order Changes,Cancellation & Order Changes,1
2025-10,Chat Frontline,Billing,Other,Delivery & Shipping,Needs review,1
2025-10,Chat Frontline,Chat Frontline,Account & Login,Account & Login,Account & Login,7
2025-10,Chat Frontline,Chat Frontline,Account & Login,Needs review,Account & Login,3
2025-10,Chat Frontline,Chat Frontline,Account & Login,Needs review,Billing & Payments,1
2025-10,Chat Frontline,Chat Frontline,App & Firmware,App & Firmware,App & Firmware,13
2025-10,Chat Frontline,Chat Frontline,App & Firmware,Charging & Battery,Charging & Battery,2
2025-10,Chat Frontline,Chat Frontline,App & Firmware,Connectivity,Connectivity,2
2025-10,Chat Frontline,Chat Frontline,App & Firmware,Needs review,Account & Login,1
2025-10,Chat Frontline,Chat Frontline,App & Firmware,Needs review,App & Firmware,8
2025-10,Chat Frontline,Chat Frontline,App & Firmware,Needs review,Connectivity,1
2025-10,Chat Frontline,Chat Frontline,App & Firmware,Needs review,Needs review,1
2025-10,Chat Frontline,Chat Frontline,Audio Quality,Audio Quality,Audio Quality,8
2025-10,Chat Frontline,Chat Frontline,Audio Quality,Needs review,Audio Quality,3
2025-10,Chat Frontline,Chat Frontline,Audio Quality,Needs review,Charging & Battery,1
2025-10,Chat Frontline,Chat Frontline,Audio Quality,Needs review,Needs review,3
2025-10,Chat Frontline,Chat Frontline,Charging & Battery,App & Firmware,App & Firmware,1
2025-10,Chat Frontline,Chat Frontline,Charging & Battery,Charging & Battery,Charging & Battery,10
2025-10,Chat Frontline,Chat Frontline,Charging & Battery,Needs review,Charging & Battery,5
2025-10,Chat Frontline,Chat Frontline,Charging & Battery,Needs review,Needs review,3
2025-10,Chat Frontline,Chat Frontline,Connectivity,App & Firmware,App & Firmware,5
2025-10,Chat Frontline,Chat Frontline,Connectivity,Connectivity,Connectivity,10
2025-10,Chat Frontline,Chat Frontline,Connectivity,Needs review,Audio Quality,1
2025-10,Chat Frontline,Chat Frontline,Connectivity,Needs review,Connectivity,10
2025-10,Chat Frontline,Chat Frontline,Connectivity,Needs review,Needs review,7
2025-10,Chat Frontline,Chat Frontline,Other,Audio Quality,Audio Quality,1
2025-10,Chat Frontline,Chat Frontline,Other,Billing & Payments,Billing & Payments,8
2025-10,Chat Frontline,Chat Frontline,Other,Cancellation & Order Changes,Cancellation & Order Changes,7
2025-10,Chat Frontline,Chat Frontline,Other,Charging & Battery,Charging & Battery,1
2025-10,Chat Frontline,Chat Frontline,Other,Charging & Battery,Needs review,1
2025-10,Chat Frontline,Chat Frontline,Other,Connectivity,Connectivity,2
2025-10,Chat Frontline,Chat Frontline,Other,Delivery & Shipping,Delivery & Shipping,6
2025-10,Chat Frontline,Chat Frontline,Other,Delivery & Shipping,Needs review,1
2025-10,Chat Frontline,Chat Frontline,Other,Needs review,Billing & Payments,3
2025-10,Chat Frontline,Chat Frontline,Other,Needs review,Cancellation & Order Changes,2
2025-10,Chat Frontline,Chat Frontline,Other,Needs review,Charging & Battery,1
2025-10,Chat Frontline,Chat Frontline,Other,Needs review,Connectivity,1
2025-10,Chat Frontline,Chat Frontline,Other,Needs review,Delivery & Shipping,4
2025-10,Chat Frontline,Chat Frontline,Other,Needs review,Needs review,9
2025-10,Chat Frontline,Chat Frontline,Other,Needs review,Product Enquiry,1
2025-10,Chat Frontline,Chat Frontline,Other,Needs review,Warranty & Repair,1
2025-10,Chat Frontline,Chat Frontline,Other,Product Enquiry,Product Enquiry,1
2025-10,Chat Frontline,Chat Frontline,Product Enquiry,Billing & Payments,Billing & Payments,1
2025-10,Chat Frontline,Chat Frontline,Product Enquiry,Needs review,Billing & Payments,2
2025-10,Chat Frontline,Chat Frontline,Product Enquiry,Needs review,Needs review,1
2025-10,Chat Frontline,Chat Frontline,Product Enquiry,Needs review,Product Enquiry,10
2025-10,Chat Frontline,Chat Frontline,Product Enquiry,Product Enquiry,Product Enquiry,10
2025-10,Chat Frontline,Email Frontline,Account & Login,Account & Login,Account & Login,1
2025-10,Chat Frontline,Email Frontline,App & Firmware,App & Firmware,App & Firmware,1
2025-10,Chat Frontline,Email Frontline,App & Firmware,Needs review,App & Firmware,3
2025-10,Chat Frontline,Email Frontline,Connectivity,Connectivity,Connectivity,1
2025-10,Chat Frontline,Email Frontline,Connectivity,Needs review,Needs review,1
2025-10,Chat Frontline,Email Frontline,Other,Billing & Payments,Billing & Payments,1
2025-10,Chat Frontline,Email Frontline,Other,Connectivity,Connectivity,1
2025-10,Chat Frontline,Email Frontline,Other,Needs review,Product Enquiry,1
2025-10,Chat Frontline,Email Frontline,Other,Product Enquiry,Product Enquiry,1
2025-10,Chat Frontline,Email Frontline,Other,Warranty & Repair,Warranty & Repair,1
2025-10,Chat Frontline,Email Frontline,Product Enquiry,Needs review,Product Enquiry,3
2025-10,Chat Frontline,Escalations & Warranty,Charging & Battery,Charging & Battery,Charging & Battery,1
2025-10,Chat Frontline,Escalations & Warranty,Charging & Battery,Needs review,Charging & Battery,1
2025-10,Chat Frontline,Escalations & Warranty,Connectivity,Connectivity,Connectivity,2
2025-10,Chat Frontline,Escalations & Warranty,Other,Charging & Battery,Charging & Battery,1
2025-10,Chat Frontline,Logistics,Charging & Battery,Charging & Battery,Charging & Battery,1
2025-10,Chat Frontline,Logistics,Product Enquiry,Needs review,Product Enquiry,1
2025-10,Chat Frontline,Returns Desk,Other,Product Enquiry,Product Enquiry,1
2025-10,Chat Frontline,Returns Desk,Product Enquiry,Needs review,Product Enquiry,1
2025-10,Email Frontline,Billing,Charging & Battery,Charging & Battery,Charging & Battery,1
2025-10,Email Frontline,Billing,Product Enquiry,Needs review,Product Enquiry,1
2025-10,Email Frontline,Chat Frontline,Account & Login,Account & Login,Account & Login,2
2025-10,Email Frontline,Chat Frontline,App & Firmware,App & Firmware,App & Firmware,1
2025-10,Email Frontline,Chat Frontline,App & Firmware,Needs review,Charging & Battery,1
2025-10,Email Frontline,Chat Frontline,Audio Quality,Audio Quality,Audio Quality,1
2025-10,Email Frontline,Chat Frontline,Charging & Battery,Charging & Battery,Charging & Battery,1
2025-10,Email Frontline,Chat Frontline,Connectivity,Connectivity,Connectivity,1
2025-10,Email Frontline,Chat Frontline,Connectivity,Needs review,Connectivity,1
2025-10,Email Frontline,Chat Frontline,Other,Billing & Payments,Billing & Payments,1
2025-10,Email Frontline,Chat Frontline,Other,Cancellation & Order Changes,Cancellation & Order Changes,1
2025-10,Email Frontline,Chat Frontline,Other,Needs review,Cancellation & Order Changes,1
2025-10,Email Frontline,Chat Frontline,Other,Product Enquiry,Product Enquiry,1
2025-10,Email Frontline,Chat Frontline,Product Enquiry,Needs review,Product Enquiry,3
2025-10,Email Frontline,Chat Frontline,Product Enquiry,Product Enquiry,Product Enquiry,1
2025-10,Email Frontline,Email Frontline,Account & Login,Account & Login,Account & Login,4
2025-10,Email Frontline,Email Frontline,Account & Login,Needs review,Account & Login,3
2025-10,Email Frontline,Email Frontline,Account & Login,Needs review,Billing & Payments,1
2025-10,Email Frontline,Email Frontline,App & Firmware,App & Firmware,App & Firmware,6
2025-10,Email Frontline,Email Frontline,App & Firmware,Connectivity,Connectivity,1
2025-10,Email Frontline,Email Frontline,App & Firmware,Needs review,App & Firmware,1
2025-10,Email Frontline,Email Frontline,App & Firmware,Needs review,Connectivity,1
2025-10,Email Frontline,Email Frontline,App & Firmware,Needs review,Needs review,3
2025-10,Email Frontline,Email Frontline,Audio Quality,Audio Quality,Audio Quality,5
2025-10,Email Frontline,Email Frontline,Audio Quality,Needs review,Needs review,5
2025-10,Email Frontline,Email Frontline,Audio Quality,Returns & Refunds,Needs review,1
2025-10,Email Frontline,Email Frontline,Charging & Battery,Charging & Battery,Charging & Battery,6
2025-10,Email Frontline,Email Frontline,Charging & Battery,Needs review,Charging & Battery,3
2025-10,Email Frontline,Email Frontline,Connectivity,Connectivity,Connectivity,2
2025-10,Email Frontline,Email Frontline,Connectivity,Needs review,App & Firmware,1
2025-10,Email Frontline,Email Frontline,Connectivity,Needs review,Audio Quality,1
2025-10,Email Frontline,Email Frontline,Connectivity,Needs review,Connectivity,5
2025-10,Email Frontline,Email Frontline,Connectivity,Needs review,Needs review,2
2025-10,Email Frontline,Email Frontline,Other,Account & Login,Account & Login,1
2025-10,Email Frontline,Email Frontline,Other,Billing & Payments,Billing & Payments,3
2025-10,Email Frontline,Email Frontline,Other,Cancellation & Order Changes,Cancellation & Order Changes,7
2025-10,Email Frontline,Email Frontline,Other,Charging & Battery,Charging & Battery,1
2025-10,Email Frontline,Email Frontline,Other,Connectivity,Connectivity,2
2025-10,Email Frontline,Email Frontline,Other,Delivery & Shipping,Delivery & Shipping,3
2025-10,Email Frontline,Email Frontline,Other,Hardware & Controls,Hardware & Controls,1
2025-10,Email Frontline,Email Frontline,Other,Needs review,Account & Login,1
2025-10,Email Frontline,Email Frontline,Other,Needs review,Billing & Payments,2
2025-10,Email Frontline,Email Frontline,Other,Needs review,Cancellation & Order Changes,5
2025-10,Email Frontline,Email Frontline,Other,Needs review,Delivery & Shipping,1
2025-10,Email Frontline,Email Frontline,Other,Needs review,Needs review,5
2025-10,Email Frontline,Email Frontline,Other,Needs review,Product Enquiry,1
2025-10,Email Frontline,Email Frontline,Other,Product Enquiry,Product Enquiry,1
2025-10,Email Frontline,Email Frontline,Product Enquiry,Billing & Payments,Billing & Payments,1
2025-10,Email Frontline,Email Frontline,Product Enquiry,Needs review,Needs review,2
2025-10,Email Frontline,Email Frontline,Product Enquiry,Needs review,Product Enquiry,3
2025-10,Email Frontline,Email Frontline,Product Enquiry,Product Enquiry,Product Enquiry,5
2025-10,Email Frontline,Escalations & Warranty,Audio Quality,Needs review,Audio Quality,2
2025-10,Email Frontline,Escalations & Warranty,Connectivity,Connectivity,Connectivity,2
2025-10,Email Frontline,Escalations & Warranty,Connectivity,Needs review,Needs review,1
2025-10,Email Frontline,Escalations & Warranty,Other,Needs review,Needs review,1
2025-10,Escalations & Warranty,Escalations & Warranty,Warranty & Repair,Audio Quality,Audio Quality,1
2025-10,Escalations & Warranty,Escalations & Warranty,Warranty & Repair,Charging & Battery,Charging & Battery,3
2025-10,Escalations & Warranty,Escalations & Warranty,Warranty & Repair,Charging & Battery,Needs review,1
2025-10,Escalations & Warranty,Escalations & Warranty,Warranty & Repair,Hardware & Controls,Hardware & Controls,4
2025-10,Escalations & Warranty,Escalations & Warranty,Warranty & Repair,Needs review,Delivery & Shipping,1
2025-10,Escalations & Warranty,Escalations & Warranty,Warranty & Repair,Needs review,Hardware & Controls,2
2025-10,Escalations & Warranty,Escalations & Warranty,Warranty & Repair,Needs review,Needs review,11
2025-10,Escalations & Warranty,Escalations & Warranty,Warranty & Repair,Needs review,Warranty & Repair,2
2025-10,Escalations & Warranty,Escalations & Warranty,Warranty & Repair,Returns & Refunds,Returns & Refunds,1
2025-10,Escalations & Warranty,Escalations & Warranty,Warranty & Repair,Warranty & Repair,Warranty & Repair,17
2025-10,Logistics,Billing,Delivery & Shipping,Cancellation & Order Changes,Cancellation & Order Changes,1
2025-10,Logistics,Billing,Delivery & Shipping,Delivery & Shipping,Delivery & Shipping,2
2025-10,Logistics,Chat Frontline,Delivery & Shipping,Needs review,Delivery & Shipping,1
2025-10,Logistics,Chat Frontline,Delivery & Shipping,Needs review,Returns & Refunds,1
2025-10,Logistics,Email Frontline,Delivery & Shipping,Delivery & Shipping,Delivery & Shipping,1
2025-10,Logistics,Email Frontline,Delivery & Shipping,Needs review,Delivery & Shipping,1
2025-10,Logistics,Email Frontline,Delivery & Shipping,Needs review,Needs review,1
2025-10,Logistics,Logistics,Delivery & Shipping,Billing & Payments,Needs review,1
2025-10,Logistics,Logistics,Delivery & Shipping,Cancellation & Order Changes,Cancellation & Order Changes,5
2025-10,Logistics,Logistics,Delivery & Shipping,Cancellation & Order Changes,Needs review,3
2025-10,Logistics,Logistics,Delivery & Shipping,Delivery & Shipping,Delivery & Shipping,72
2025-10,Logistics,Logistics,Delivery & Shipping,Delivery & Shipping,Needs review,4
2025-10,Logistics,Logistics,Delivery & Shipping,Needs review,Delivery & Shipping,38
2025-10,Logistics,Logistics,Delivery & Shipping,Needs review,Needs review,7
2025-10,Logistics,Logistics,Delivery & Shipping,Returns & Refunds,Needs review,2
2025-10,Logistics,Logistics,Delivery & Shipping,Returns & Refunds,Returns & Refunds,7
2025-10,Logistics,Returns Desk,Delivery & Shipping,Delivery & Shipping,Delivery & Shipping,1
2025-10,Returns Desk,Chat Frontline,Returns & Refunds,Returns & Refunds,Returns & Refunds,1
2025-10,Returns Desk,Email Frontline,Returns & Refunds,Needs review,Returns & Refunds,1
2025-10,Returns Desk,Email Frontline,Returns & Refunds,Returns & Refunds,Returns & Refunds,2
2025-10,Returns Desk,Returns Desk,Returns & Refunds,Billing & Payments,Needs review,1
2025-10,Returns Desk,Returns Desk,Returns & Refunds,Cancellation & Order Changes,Needs review,1
2025-10,Returns Desk,Returns Desk,Returns & Refunds,Delivery & Shipping,Delivery & Shipping,5
2025-10,Returns Desk,Returns Desk,Returns & Refunds,Delivery & Shipping,Needs review,2
2025-10,Returns Desk,Returns Desk,Returns & Refunds,Needs review,Delivery & Shipping,2
2025-10,Returns Desk,Returns Desk,Returns & Refunds,Needs review,Needs review,3
2025-10,Returns Desk,Returns Desk,Returns & Refunds,Needs review,Returns & Refunds,15
2025-10,Returns Desk,Returns Desk,Returns & Refunds,Returns & Refunds,Returns & Refunds,52
2025-10,Voice Frontline,Escalations & Warranty,Audio Quality,Needs review,Needs review,1
2025-10,Voice Frontline,Escalations & Warranty,Connectivity,Connectivity,Connectivity,1
2025-10,Voice Frontline,Escalations & Warranty,Other,Needs review,Connectivity,1
2025-10,Voice Frontline,Voice Frontline,App & Firmware,App & Firmware,App & Firmware,2
2025-10,Voice Frontline,Voice Frontline,App & Firmware,Needs review,App & Firmware,3
2025-10,Voice Frontline,Voice Frontline,App & Firmware,Needs review,Needs review,1
2025-10,Voice Frontline,Voice Frontline,Audio Quality,Audio Quality,Audio Quality,7
2025-10,Voice Frontline,Voice Frontline,Audio Quality,Needs review,Audio Quality,1
2025-10,Voice Frontline,Voice Frontline,Charging & Battery,Charging & Battery,Charging & Battery,1
2025-10,Voice Frontline,Voice Frontline,Charging & Battery,Needs review,Charging & Battery,1
2025-10,Voice Frontline,Voice Frontline,Connectivity,Connectivity,Connectivity,2
2025-10,Voice Frontline,Voice Frontline,Connectivity,Needs review,Needs review,2
2025-10,Voice Frontline,Voice Frontline,Other,Billing & Payments,Billing & Payments,2
2025-10,Voice Frontline,Voice Frontline,Other,Cancellation & Order Changes,Cancellation & Order Changes,2
2025-10,Voice Frontline,Voice Frontline,Other,Delivery & Shipping,Delivery & Shipping,3
2025-10,Voice Frontline,Voice Frontline,Other,Delivery & Shipping,Needs review,1
2025-10,Voice Frontline,Voice Frontline,Other,Needs review,Cancellation & Order Changes,1
2025-10,Voice Frontline,Voice Frontline,Other,Needs review,Needs review,2
2025-10,Voice Frontline,Voice Frontline,Other,Needs review,Warranty & Repair,1
2025-10,Voice Frontline,Voice Frontline,Other,Product Enquiry,Product Enquiry,1
2025-10,Voice Frontline,Voice Frontline,Other,Returns & Refunds,Needs review,1
2025-10,Voice Frontline,Voice Frontline,Product Enquiry,Needs review,Product Enquiry,5
2025-10,Voice Frontline,Voice Frontline,Product Enquiry,Product Enquiry,Product Enquiry,4
2025-11,Billing,Billing,Billing & Payments,Billing & Payments,Billing & Payments,73
2025-11,Billing,Billing,Billing & Payments,Billing & Payments,Needs review,3
2025-11,Billing,Billing,Billing & Payments,Cancellation & Order Changes,Cancellation & Order Changes,5
2025-11,Billing,Billing,Billing & Payments,Charging & Battery,Needs review,1
2025-11,Billing,Billing,Billing & Payments,Delivery & Shipping,Delivery & Shipping,16
2025-11,Billing,Billing,Billing & Payments,Delivery & Shipping,Needs review,2
2025-11,Billing,Billing,Billing & Payments,Needs review,Billing & Payments,18
2025-11,Billing,Billing,Billing & Payments,Needs review,Delivery & Shipping,5
2025-11,Billing,Billing,Billing & Payments,Needs review,Needs review,9
2025-11,Billing,Billing,Billing & Payments,Needs review,Returns & Refunds,4
2025-11,Billing,Billing,Billing & Payments,Needs review,Warranty & Repair,1
2025-11,Billing,Billing,Billing & Payments,Returns & Refunds,Returns & Refunds,7
2025-11,Billing,Chat Frontline,Billing & Payments,Billing & Payments,Billing & Payments,1
2025-11,Billing,Email Frontline,Billing & Payments,Billing & Payments,Billing & Payments,3
2025-11,Billing,Email Frontline,Billing & Payments,Needs review,Needs review,1
2025-11,Billing,Logistics,Billing & Payments,Billing & Payments,Billing & Payments,1
2025-11,Billing,Logistics,Billing & Payments,Billing & Payments,Needs review,1
2025-11,Billing,Logistics,Billing & Payments,Delivery & Shipping,Delivery & Shipping,38
2025-11,Billing,Logistics,Billing & Payments,Delivery & Shipping,Needs review,4
2025-11,Billing,Logistics,Billing & Payments,Needs review,Billing & Payments,1
2025-11,Billing,Logistics,Billing & Payments,Needs review,Delivery & Shipping,15
2025-11,Billing,Logistics,Billing & Payments,Needs review,Needs review,5
2025-11,Billing,Logistics,Billing & Payments,Returns & Refunds,Needs review,1
2025-11,Billing,Returns Desk,Billing & Payments,Billing & Payments,Billing & Payments,1
2025-11,Billing,Returns Desk,Billing & Payments,Needs review,Billing & Payments,3
2025-11,Chat Frontline,Billing,App & Firmware,Needs review,App & Firmware,1
2025-11,Chat Frontline,Billing,Product Enquiry,Needs review,Product Enquiry,1
2025-11,Chat Frontline,Chat Frontline,Account & Login,Account & Login,Account & Login,7
2025-11,Chat Frontline,Chat Frontline,Account & Login,Billing & Payments,Billing & Payments,1
2025-11,Chat Frontline,Chat Frontline,Account & Login,Needs review,Account & Login,4
2025-11,Chat Frontline,Chat Frontline,Account & Login,Needs review,Billing & Payments,2
2025-11,Chat Frontline,Chat Frontline,Account & Login,Needs review,Needs review,4
2025-11,Chat Frontline,Chat Frontline,App & Firmware,Account & Login,Account & Login,1
2025-11,Chat Frontline,Chat Frontline,App & Firmware,App & Firmware,App & Firmware,11
2025-11,Chat Frontline,Chat Frontline,App & Firmware,Charging & Battery,Charging & Battery,1
2025-11,Chat Frontline,Chat Frontline,App & Firmware,Hardware & Controls,Hardware & Controls,2
2025-11,Chat Frontline,Chat Frontline,App & Firmware,Needs review,App & Firmware,3
2025-11,Chat Frontline,Chat Frontline,App & Firmware,Needs review,Connectivity,1
2025-11,Chat Frontline,Chat Frontline,App & Firmware,Needs review,Needs review,2
2025-11,Chat Frontline,Chat Frontline,Audio Quality,Audio Quality,Audio Quality,9
2025-11,Chat Frontline,Chat Frontline,Audio Quality,Audio Quality,Needs review,1
2025-11,Chat Frontline,Chat Frontline,Audio Quality,Connectivity,Connectivity,1
2025-11,Chat Frontline,Chat Frontline,Audio Quality,Needs review,Audio Quality,6
2025-11,Chat Frontline,Chat Frontline,Audio Quality,Needs review,Needs review,7
2025-11,Chat Frontline,Chat Frontline,Charging & Battery,Charging & Battery,Charging & Battery,12
2025-11,Chat Frontline,Chat Frontline,Charging & Battery,Needs review,Charging & Battery,3
2025-11,Chat Frontline,Chat Frontline,Charging & Battery,Needs review,Needs review,3
2025-11,Chat Frontline,Chat Frontline,Connectivity,Connectivity,Connectivity,16
2025-11,Chat Frontline,Chat Frontline,Connectivity,Needs review,Connectivity,14
2025-11,Chat Frontline,Chat Frontline,Connectivity,Needs review,Needs review,4
2025-11,Chat Frontline,Chat Frontline,Other,App & Firmware,App & Firmware,3
2025-11,Chat Frontline,Chat Frontline,Other,Audio Quality,Audio Quality,3
2025-11,Chat Frontline,Chat Frontline,Other,Billing & Payments,Billing & Payments,3
2025-11,Chat Frontline,Chat Frontline,Other,Cancellation & Order Changes,Cancellation & Order Changes,21
2025-11,Chat Frontline,Chat Frontline,Other,Charging & Battery,Charging & Battery,2
2025-11,Chat Frontline,Chat Frontline,Other,Connectivity,Connectivity,2
2025-11,Chat Frontline,Chat Frontline,Other,Delivery & Shipping,Delivery & Shipping,5
2025-11,Chat Frontline,Chat Frontline,Other,Delivery & Shipping,Needs review,3
2025-11,Chat Frontline,Chat Frontline,Other,Needs review,App & Firmware,1
2025-11,Chat Frontline,Chat Frontline,Other,Needs review,Billing & Payments,4
2025-11,Chat Frontline,Chat Frontline,Other,Needs review,Cancellation & Order Changes,6
2025-11,Chat Frontline,Chat Frontline,Other,Needs review,Charging & Battery,1
2025-11,Chat Frontline,Chat Frontline,Other,Needs review,Connectivity,3
2025-11,Chat Frontline,Chat Frontline,Other,Needs review,Delivery & Shipping,1
2025-11,Chat Frontline,Chat Frontline,Other,Needs review,Needs review,14
2025-11,Chat Frontline,Chat Frontline,Other,Needs review,Product Enquiry,2
2025-11,Chat Frontline,Chat Frontline,Other,Product Enquiry,Product Enquiry,5
2025-11,Chat Frontline,Chat Frontline,Other,Returns & Refunds,Needs review,1
2025-11,Chat Frontline,Chat Frontline,Other,Warranty & Repair,Warranty & Repair,1
2025-11,Chat Frontline,Chat Frontline,Product Enquiry,Billing & Payments,Billing & Payments,2
2025-11,Chat Frontline,Chat Frontline,Product Enquiry,Needs review,Needs review,2
2025-11,Chat Frontline,Chat Frontline,Product Enquiry,Needs review,Product Enquiry,8
2025-11,Chat Frontline,Chat Frontline,Product Enquiry,Product Enquiry,Product Enquiry,10
2025-11,Chat Frontline,Chat Frontline,Product Enquiry,Returns & Refunds,Needs review,1
2025-11,Chat Frontline,Email Frontline,App & Firmware,App & Firmware,App & Firmware,1
2025-11,Chat Frontline,Email Frontline,Audio Quality,Needs review,Needs review,2
2025-11,Chat Frontline,Email Frontline,Charging & Battery,Charging & Battery,Charging & Battery,1
2025-11,Chat Frontline,Email Frontline,Charging & Battery,Needs review,Charging & Battery,1
2025-11,Chat Frontline,Email Frontline,Connectivity,Connectivity,Connectivity,1
2025-11,Chat Frontline,Email Frontline,Other,Delivery & Shipping,Delivery & Shipping,1
2025-11,Chat Frontline,Email Frontline,Other,Needs review,Needs review,1
2025-11,Chat Frontline,Email Frontline,Other,Needs review,Product Enquiry,1
2025-11,Chat Frontline,Escalations & Warranty,Audio Quality,Needs review,Needs review,3
2025-11,Chat Frontline,Escalations & Warranty,Charging & Battery,Audio Quality,Audio Quality,1
2025-11,Chat Frontline,Escalations & Warranty,Charging & Battery,Billing & Payments,Needs review,1
2025-11,Chat Frontline,Escalations & Warranty,Charging & Battery,Charging & Battery,Charging & Battery,2
2025-11,Chat Frontline,Escalations & Warranty,Charging & Battery,Needs review,Charging & Battery,1
2025-11,Chat Frontline,Escalations & Warranty,Connectivity,Needs review,Connectivity,2
2025-11,Chat Frontline,Logistics,Account & Login,Billing & Payments,Billing & Payments,1
2025-11,Chat Frontline,Logistics,Connectivity,Needs review,Connectivity,1
2025-11,Chat Frontline,Logistics,Product Enquiry,Product Enquiry,Product Enquiry,1
2025-11,Chat Frontline,Returns Desk,Charging & Battery,Charging & Battery,Charging & Battery,1
2025-11,Chat Frontline,Returns Desk,Other,Delivery & Shipping,Delivery & Shipping,1
2025-11,Chat Frontline,Returns Desk,Other,Needs review,Needs review,1
2025-11,Chat Frontline,Returns Desk,Other,Warranty & Repair,Warranty & Repair,1
2025-11,Chat Frontline,Returns Desk,Product Enquiry,Needs review,Billing & Payments,1
2025-11,Chat Frontline,Returns Desk,Product Enquiry,Needs review,Product Enquiry,1
2025-11,Email Frontline,Chat Frontline,Account & Login,Billing & Payments,Billing & Payments,1
2025-11,Email Frontline,Chat Frontline,App & Firmware,Needs review,App & Firmware,1
2025-11,Email Frontline,Chat Frontline,Audio Quality,Needs review,Audio Quality,1
2025-11,Email Frontline,Chat Frontline,Audio Quality,Needs review,Needs review,1
2025-11,Email Frontline,Chat Frontline,Charging & Battery,Charging & Battery,Charging & Battery,2
2025-11,Email Frontline,Chat Frontline,Charging & Battery,Needs review,Needs review,1
2025-11,Email Frontline,Chat Frontline,Connectivity,Connectivity,Connectivity,3
2025-11,Email Frontline,Chat Frontline,Connectivity,Needs review,Connectivity,1
2025-11,Email Frontline,Chat Frontline,Other,Account & Login,Account & Login,1
2025-11,Email Frontline,Chat Frontline,Other,App & Firmware,App & Firmware,1
2025-11,Email Frontline,Chat Frontline,Other,Billing & Payments,Billing & Payments,1
2025-11,Email Frontline,Chat Frontline,Other,Cancellation & Order Changes,Cancellation & Order Changes,2
2025-11,Email Frontline,Chat Frontline,Other,Charging & Battery,Charging & Battery,1
2025-11,Email Frontline,Chat Frontline,Other,Needs review,Billing & Payments,1
2025-11,Email Frontline,Chat Frontline,Other,Needs review,Cancellation & Order Changes,2
2025-11,Email Frontline,Chat Frontline,Other,Needs review,Needs review,2
2025-11,Email Frontline,Chat Frontline,Other,Needs review,Product Enquiry,1
2025-11,Email Frontline,Chat Frontline,Product Enquiry,Product Enquiry,Product Enquiry,3
2025-11,Email Frontline,Email Frontline,Account & Login,Account & Login,Account & Login,2
2025-11,Email Frontline,Email Frontline,Account & Login,Needs review,Account & Login,1
2025-11,Email Frontline,Email Frontline,Account & Login,Needs review,Needs review,1
2025-11,Email Frontline,Email Frontline,App & Firmware,App & Firmware,App & Firmware,9
2025-11,Email Frontline,Email Frontline,App & Firmware,Needs review,App & Firmware,1
2025-11,Email Frontline,Email Frontline,App & Firmware,Needs review,Connectivity,1
2025-11,Email Frontline,Email Frontline,App & Firmware,Needs review,Needs review,1
2025-11,Email Frontline,Email Frontline,Audio Quality,Audio Quality,Audio Quality,5
2025-11,Email Frontline,Email Frontline,Audio Quality,Needs review,Audio Quality,1
2025-11,Email Frontline,Email Frontline,Charging & Battery,Audio Quality,Audio Quality,1
2025-11,Email Frontline,Email Frontline,Charging & Battery,Charging & Battery,Charging & Battery,8
2025-11,Email Frontline,Email Frontline,Charging & Battery,Needs review,Audio Quality,1
2025-11,Email Frontline,Email Frontline,Charging & Battery,Needs review,Charging & Battery,1
2025-11,Email Frontline,Email Frontline,Charging & Battery,Needs review,Needs review,1
2025-11,Email Frontline,Email Frontline,Connectivity,Connectivity,Connectivity,4
2025-11,Email Frontline,Email Frontline,Connectivity,Connectivity,Needs review,1
2025-11,Email Frontline,Email Frontline,Connectivity,Needs review,Connectivity,11
2025-11,Email Frontline,Email Frontline,Connectivity,Needs review,Needs review,1
2025-11,Email Frontline,Email Frontline,Other,Billing & Payments,Billing & Payments,3
2025-11,Email Frontline,Email Frontline,Other,Cancellation & Order Changes,Cancellation & Order Changes,7
2025-11,Email Frontline,Email Frontline,Other,Charging & Battery,Charging & Battery,1
2025-11,Email Frontline,Email Frontline,Other,Charging & Battery,Needs review,1
2025-11,Email Frontline,Email Frontline,Other,Delivery & Shipping,Delivery & Shipping,3
2025-11,Email Frontline,Email Frontline,Other,Delivery & Shipping,Needs review,1
2025-11,Email Frontline,Email Frontline,Other,Needs review,Account & Login,1
2025-11,Email Frontline,Email Frontline,Other,Needs review,Billing & Payments,2
2025-11,Email Frontline,Email Frontline,Other,Needs review,Cancellation & Order Changes,3
2025-11,Email Frontline,Email Frontline,Other,Needs review,Delivery & Shipping,2
2025-11,Email Frontline,Email Frontline,Other,Needs review,Needs review,2
2025-11,Email Frontline,Email Frontline,Other,Needs review,Warranty & Repair,1
2025-11,Email Frontline,Email Frontline,Other,Product Enquiry,Product Enquiry,1
2025-11,Email Frontline,Email Frontline,Other,Warranty & Repair,Warranty & Repair,1
2025-11,Email Frontline,Email Frontline,Product Enquiry,Needs review,Needs review,1
2025-11,Email Frontline,Email Frontline,Product Enquiry,Needs review,Product Enquiry,9
2025-11,Email Frontline,Email Frontline,Product Enquiry,Product Enquiry,Product Enquiry,8
2025-11,Email Frontline,Email Frontline,Product Enquiry,Returns & Refunds,Needs review,1
2025-11,Email Frontline,Logistics,App & Firmware,App & Firmware,App & Firmware,1
2025-11,Email Frontline,Logistics,Other,Needs review,Needs review,1
2025-11,Email Frontline,Returns Desk,Account & Login,Account & Login,Account & Login,1
2025-11,Email Frontline,Returns Desk,Audio Quality,Needs review,Audio Quality,1
2025-11,Email Frontline,Returns Desk,Other,Delivery & Shipping,Delivery & Shipping,2
2025-11,Escalations & Warranty,Email Frontline,Warranty & Repair,Needs review,Needs review,2
2025-11,Escalations & Warranty,Escalations & Warranty,Warranty & Repair,Audio Quality,Audio Quality,2
2025-11,Escalations & Warranty,Escalations & Warranty,Warranty & Repair,Billing & Payments,Needs review,1
2025-11,Escalations & Warranty,Escalations & Warranty,Warranty & Repair,Charging & Battery,Charging & Battery,1
2025-11,Escalations & Warranty,Escalations & Warranty,Warranty & Repair,Delivery & Shipping,Delivery & Shipping,1
2025-11,Escalations & Warranty,Escalations & Warranty,Warranty & Repair,Hardware & Controls,Hardware & Controls,2
2025-11,Escalations & Warranty,Escalations & Warranty,Warranty & Repair,Needs review,Hardware & Controls,1
2025-11,Escalations & Warranty,Escalations & Warranty,Warranty & Repair,Needs review,Needs review,6
2025-11,Escalations & Warranty,Escalations & Warranty,Warranty & Repair,Needs review,Warranty & Repair,1
2025-11,Escalations & Warranty,Escalations & Warranty,Warranty & Repair,Returns & Refunds,Needs review,1
2025-11,Escalations & Warranty,Escalations & Warranty,Warranty & Repair,Returns & Refunds,Returns & Refunds,1
2025-11,Escalations & Warranty,Escalations & Warranty,Warranty & Repair,Warranty & Repair,Warranty & Repair,22
2025-11,Escalations & Warranty,Logistics,Warranty & Repair,Warranty & Repair,Warranty & Repair,1
2025-11,Logistics,Billing,Delivery & Shipping,Delivery & Shipping,Delivery & Shipping,2
2025-11,Logistics,Billing,Delivery & Shipping,Needs review,Needs review,2
2025-11,Logistics,Chat Frontline,Delivery & Shipping,Delivery & Shipping,Delivery & Shipping,2
2025-11,Logistics,Email Frontline,Delivery & Shipping,Delivery & Shipping,Delivery & Shipping,1
2025-11,Logistics,Email Frontline,Delivery & Shipping,Delivery & Shipping,Needs review,1
2025-11,Logistics,Logistics,Delivery & Shipping,Cancellation & Order Changes,Cancellation & Order Changes,1
2025-11,Logistics,Logistics,Delivery & Shipping,Cancellation & Order Changes,Needs review,5
2025-11,Logistics,Logistics,Delivery & Shipping,Delivery & Shipping,Delivery & Shipping,79
2025-11,Logistics,Logistics,Delivery & Shipping,Delivery & Shipping,Needs review,2
2025-11,Logistics,Logistics,Delivery & Shipping,Needs review,Delivery & Shipping,38
2025-11,Logistics,Logistics,Delivery & Shipping,Needs review,Needs review,14
2025-11,Logistics,Logistics,Delivery & Shipping,Returns & Refunds,Needs review,1
2025-11,Logistics,Logistics,Delivery & Shipping,Returns & Refunds,Returns & Refunds,7
2025-11,Logistics,Returns Desk,Delivery & Shipping,Delivery & Shipping,Delivery & Shipping,2
2025-11,Returns Desk,Billing,Returns & Refunds,Returns & Refunds,Returns & Refunds,1
2025-11,Returns Desk,Logistics,Returns & Refunds,Needs review,Returns & Refunds,1
2025-11,Returns Desk,Logistics,Returns & Refunds,Returns & Refunds,Returns & Refunds,2
2025-11,Returns Desk,Returns Desk,Returns & Refunds,Cancellation & Order Changes,Needs review,1
2025-11,Returns Desk,Returns Desk,Returns & Refunds,Charging & Battery,Charging & Battery,1
2025-11,Returns Desk,Returns Desk,Returns & Refunds,Delivery & Shipping,Delivery & Shipping,4
2025-11,Returns Desk,Returns Desk,Returns & Refunds,Delivery & Shipping,Needs review,1
2025-11,Returns Desk,Returns Desk,Returns & Refunds,Needs review,Delivery & Shipping,1
2025-11,Returns Desk,Returns Desk,Returns & Refunds,Needs review,Needs review,4
2025-11,Returns Desk,Returns Desk,Returns & Refunds,Needs review,Returns & Refunds,18
2025-11,Returns Desk,Returns Desk,Returns & Refunds,Returns & Refunds,Returns & Refunds,48
2025-11,Voice Frontline,Billing,Connectivity,Needs review,Connectivity,1
2025-11,Voice Frontline,Chat Frontline,Connectivity,Needs review,Connectivity,1
2025-11,Voice Frontline,Chat Frontline,Product Enquiry,Needs review,Product Enquiry,1
2025-11,Voice Frontline,Email Frontline,Charging & Battery,Charging & Battery,Charging & Battery,1
2025-11,Voice Frontline,Email Frontline,Product Enquiry,Product Enquiry,Product Enquiry,1
2025-11,Voice Frontline,Escalations & Warranty,Charging & Battery,Charging & Battery,Charging & Battery,1
2025-11,Voice Frontline,Escalations & Warranty,Charging & Battery,Needs review,Charging & Battery,1
2025-11,Voice Frontline,Escalations & Warranty,Charging & Battery,Returns & Refunds,Needs review,1
2025-11,Voice Frontline,Logistics,Other,Product Enquiry,Product Enquiry,1
2025-11,Voice Frontline,Logistics,Product Enquiry,Needs review,Product Enquiry,1
2025-11,Voice Frontline,Returns Desk,App & Firmware,App & Firmware,App & Firmware,1
2025-11,Voice Frontline,Returns Desk,Connectivity,Connectivity,Connectivity,1
2025-11,Voice Frontline,Voice Frontline,Account & Login,Account & Login,Account & Login,2
2025-11,Voice Frontline,Voice Frontline,Account & Login,Needs review,Account & Login,2
2025-11,Voice Frontline,Voice Frontline,App & Firmware,App & Firmware,App & Firmware,6
2025-11,Voice Frontline,Voice Frontline,App & Firmware,Needs review,Needs review,1
2025-11,Voice Frontline,Voice Frontline,Audio Quality,Audio Quality,Audio Quality,1
2025-11,Voice Frontline,Voice Frontline,Audio Quality,Needs review,Audio Quality,1
2025-11,Voice Frontline,Voice Frontline,Audio Quality,Needs review,Needs review,1
2025-11,Voice Frontline,Voice Frontline,Charging & Battery,Audio Quality,Audio Quality,1
2025-11,Voice Frontline,Voice Frontline,Charging & Battery,Charging & Battery,Charging & Battery,4
2025-11,Voice Frontline,Voice Frontline,Charging & Battery,Needs review,Charging & Battery,4
2025-11,Voice Frontline,Voice Frontline,Connectivity,Connectivity,Connectivity,3
2025-11,Voice Frontline,Voice Frontline,Connectivity,Needs review,Connectivity,4
2025-11,Voice Frontline,Voice Frontline,Connectivity,Needs review,Needs review,1
2025-11,Voice Frontline,Voice Frontline,Other,Account & Login,Account & Login,1
2025-11,Voice Frontline,Voice Frontline,Other,Billing & Payments,Billing & Payments,3
2025-11,Voice Frontline,Voice Frontline,Other,Cancellation & Order Changes,Cancellation & Order Changes,6
2025-11,Voice Frontline,Voice Frontline,Other,Delivery & Shipping,Delivery & Shipping,3
2025-11,Voice Frontline,Voice Frontline,Other,Needs review,Billing & Payments,1
2025-11,Voice Frontline,Voice Frontline,Other,Needs review,Connectivity,1
2025-11,Voice Frontline,Voice Frontline,Other,Needs review,Needs review,3
2025-11,Voice Frontline,Voice Frontline,Other,Needs review,Product Enquiry,1
2025-11,Voice Frontline,Voice Frontline,Other,Product Enquiry,Product Enquiry,3
2025-11,Voice Frontline,Voice Frontline,Product Enquiry,Needs review,Product Enquiry,3
2025-11,Voice Frontline,Voice Frontline,Product Enquiry,Product Enquiry,Product Enquiry,4
2025-12,Billing,Billing,Billing & Payments,Billing & Payments,Billing & Payments,51
2025-12,Billing,Billing,Billing & Payments,Billing & Payments,Needs review,1
2025-12,Billing,Billing,Billing & Payments,Cancellation & Order Changes,Cancellation & Order Changes,2
2025-12,Billing,Billing,Billing & Payments,Charging & Battery,Needs review,1
2025-12,Billing,Billing,Billing & Payments,Delivery & Shipping,Delivery & Shipping,18
2025-12,Billing,Billing,Billing & Payments,Needs review,Billing & Payments,21
2025-12,Billing,Billing,Billing & Payments,Needs review,Cancellation & Order Changes,1
2025-12,Billing,Billing,Billing & Payments,Needs review,Delivery & Shipping,2
2025-12,Billing,Billing,Billing & Payments,Needs review,Needs review,10
2025-12,Billing,Billing,Billing & Payments,Needs review,Returns & Refunds,2
2025-12,Billing,Billing,Billing & Payments,Returns & Refunds,Needs review,1
2025-12,Billing,Billing,Billing & Payments,Returns & Refunds,Returns & Refunds,6
2025-12,Billing,Chat Frontline,Billing & Payments,Billing & Payments,Billing & Payments,2
2025-12,Billing,Email Frontline,Billing & Payments,Billing & Payments,Billing & Payments,1
2025-12,Billing,Email Frontline,Billing & Payments,Needs review,Billing & Payments,1
2025-12,Billing,Logistics,Billing & Payments,Billing & Payments,Billing & Payments,1
2025-12,Billing,Logistics,Billing & Payments,Delivery & Shipping,Delivery & Shipping,32
2025-12,Billing,Logistics,Billing & Payments,Delivery & Shipping,Needs review,1
2025-12,Billing,Logistics,Billing & Payments,Needs review,Delivery & Shipping,11
2025-12,Billing,Logistics,Billing & Payments,Needs review,Needs review,3
2025-12,Billing,Logistics,Billing & Payments,Needs review,Returns & Refunds,1
2025-12,Billing,Returns Desk,Billing & Payments,Billing & Payments,Billing & Payments,1
2025-12,Chat Frontline,Billing,Audio Quality,Needs review,Audio Quality,2
2025-12,Chat Frontline,Billing,Connectivity,Needs review,Needs review,1
2025-12,Chat Frontline,Billing,Other,Needs review,Billing & Payments,1
2025-12,Chat Frontline,Billing,Product Enquiry,Needs review,Product Enquiry,1
2025-12,Chat Frontline,Chat Frontline,Account & Login,Account & Login,Account & Login,7
2025-12,Chat Frontline,Chat Frontline,Account & Login,Needs review,Account & Login,3
2025-12,Chat Frontline,Chat Frontline,Account & Login,Needs review,Billing & Payments,1
2025-12,Chat Frontline,Chat Frontline,Account & Login,Needs review,Needs review,2
2025-12,Chat Frontline,Chat Frontline,Account & Login,Returns & Refunds,Needs review,1
2025-12,Chat Frontline,Chat Frontline,App & Firmware,Account & Login,Account & Login,1
2025-12,Chat Frontline,Chat Frontline,App & Firmware,App & Firmware,App & Firmware,15
2025-12,Chat Frontline,Chat Frontline,App & Firmware,Needs review,App & Firmware,7
2025-12,Chat Frontline,Chat Frontline,App & Firmware,Needs review,Charging & Battery,1
2025-12,Chat Frontline,Chat Frontline,App & Firmware,Needs review,Connectivity,2
2025-12,Chat Frontline,Chat Frontline,App & Firmware,Needs review,Needs review,1
2025-12,Chat Frontline,Chat Frontline,Audio Quality,Audio Quality,Audio Quality,5
2025-12,Chat Frontline,Chat Frontline,Audio Quality,Audio Quality,Needs review,1
2025-12,Chat Frontline,Chat Frontline,Audio Quality,Connectivity,Connectivity,1
2025-12,Chat Frontline,Chat Frontline,Audio Quality,Needs review,Audio Quality,6
2025-12,Chat Frontline,Chat Frontline,Audio Quality,Needs review,Needs review,7
2025-12,Chat Frontline,Chat Frontline,Charging & Battery,Billing & Payments,Needs review,1
2025-12,Chat Frontline,Chat Frontline,Charging & Battery,Charging & Battery,Charging & Battery,19
2025-12,Chat Frontline,Chat Frontline,Charging & Battery,Needs review,Charging & Battery,7
2025-12,Chat Frontline,Chat Frontline,Charging & Battery,Needs review,Needs review,3
2025-12,Chat Frontline,Chat Frontline,Connectivity,Account & Login,Needs review,1
2025-12,Chat Frontline,Chat Frontline,Connectivity,App & Firmware,App & Firmware,3
2025-12,Chat Frontline,Chat Frontline,Connectivity,Connectivity,Connectivity,10
2025-12,Chat Frontline,Chat Frontline,Connectivity,Connectivity,Needs review,1
2025-12,Chat Frontline,Chat Frontline,Connectivity,Needs review,Connectivity,9
2025-12,Chat Frontline,Chat Frontline,Connectivity,Needs review,Needs review,8
2025-12,Chat Frontline,Chat Frontline,Other,Billing & Payments,Billing & Payments,2
2025-12,Chat Frontline,Chat Frontline,Other,Cancellation & Order Changes,Cancellation & Order Changes,9
2025-12,Chat Frontline,Chat Frontline,Other,Charging & Battery,Charging & Battery,1
2025-12,Chat Frontline,Chat Frontline,Other,Connectivity,Connectivity,1
2025-12,Chat Frontline,Chat Frontline,Other,Delivery & Shipping,Delivery & Shipping,7
2025-12,Chat Frontline,Chat Frontline,Other,Needs review,Audio Quality,3
2025-12,Chat Frontline,Chat Frontline,Other,Needs review,Billing & Payments,2
2025-12,Chat Frontline,Chat Frontline,Other,Needs review,Cancellation & Order Changes,7
2025-12,Chat Frontline,Chat Frontline,Other,Needs review,Delivery & Shipping,3
2025-12,Chat Frontline,Chat Frontline,Other,Needs review,Needs review,9
2025-12,Chat Frontline,Chat Frontline,Other,Product Enquiry,Product Enquiry,2
2025-12,Chat Frontline,Chat Frontline,Other,Warranty & Repair,Warranty & Repair,1
2025-12,Chat Frontline,Chat Frontline,Product Enquiry,Billing & Payments,Billing & Payments,1
2025-12,Chat Frontline,Chat Frontline,Product Enquiry,Needs review,Needs review,1
2025-12,Chat Frontline,Chat Frontline,Product Enquiry,Needs review,Product Enquiry,8
2025-12,Chat Frontline,Chat Frontline,Product Enquiry,Product Enquiry,Product Enquiry,3
2025-12,Chat Frontline,Email Frontline,Account & Login,Account & Login,Account & Login,1
2025-12,Chat Frontline,Email Frontline,App & Firmware,App & Firmware,App & Firmware,1
2025-12,Chat Frontline,Email Frontline,Audio Quality,Audio Quality,Audio Quality,1
2025-12,Chat Frontline,Email Frontline,Audio Quality,Needs review,Audio Quality,1
2025-12,Chat Frontline,Email Frontline,Audio Quality,Needs review,Needs review,1
2025-12,Chat Frontline,Email Frontline,Charging & Battery,App & Firmware,App & Firmware,1
2025-12,Chat Frontline,Email Frontline,Charging & Battery,Needs review,Charging & Battery,1
2025-12,Chat Frontline,Email Frontline,Connectivity,Connectivity,Connectivity,1
2025-12,Chat Frontline,Email Frontline,Connectivity,Needs review,Connectivity,3
2025-12,Chat Frontline,Email Frontline,Connectivity,Needs review,Needs review,1
2025-12,Chat Frontline,Email Frontline,Other,App & Firmware,App & Firmware,1
2025-12,Chat Frontline,Email Frontline,Other,Cancellation & Order Changes,Cancellation & Order Changes,3
2025-12,Chat Frontline,Email Frontline,Other,Needs review,Cancellation & Order Changes,1
2025-12,Chat Frontline,Email Frontline,Other,Needs review,Needs review,1
2025-12,Chat Frontline,Email Frontline,Product Enquiry,Needs review,Needs review,1
2025-12,Chat Frontline,Email Frontline,Product Enquiry,Product Enquiry,Product Enquiry,1
2025-12,Chat Frontline,Escalations & Warranty,App & Firmware,Connectivity,Connectivity,1
2025-12,Chat Frontline,Escalations & Warranty,Audio Quality,Audio Quality,Audio Quality,1
2025-12,Chat Frontline,Escalations & Warranty,Charging & Battery,Billing & Payments,Needs review,1
2025-12,Chat Frontline,Escalations & Warranty,Charging & Battery,Charging & Battery,Charging & Battery,1
2025-12,Chat Frontline,Escalations & Warranty,Connectivity,Needs review,Connectivity,1
2025-12,Chat Frontline,Escalations & Warranty,Connectivity,Needs review,Needs review,1
2025-12,Chat Frontline,Logistics,App & Firmware,Needs review,Needs review,1
2025-12,Chat Frontline,Logistics,Connectivity,App & Firmware,App & Firmware,1
2025-12,Chat Frontline,Logistics,Connectivity,Needs review,Connectivity,1
2025-12,Chat Frontline,Logistics,Other,Delivery & Shipping,Delivery & Shipping,1
2025-12,Chat Frontline,Returns Desk,App & Firmware,App & Firmware,App & Firmware,1
2025-12,Chat Frontline,Returns Desk,Other,Delivery & Shipping,Delivery & Shipping,1
2025-12,Email Frontline,Billing,App & Firmware,Needs review,Connectivity,1
2025-12,Email Frontline,Billing,Charging & Battery,Charging & Battery,Charging & Battery,1
2025-12,Email Frontline,Billing,Other,Cancellation & Order Changes,Cancellation & Order Changes,1
2025-12,Email Frontline,Chat Frontline,Account & Login,Needs review,Account & Login,1
2025-12,Email Frontline,Chat Frontline,Account & Login,Needs review,Needs review,1
2025-12,Email Frontline,Chat Frontline,App & Firmware,App & Firmware,App & Firmware,2
2025-12,Email Frontline,Chat Frontline,App & Firmware,Needs review,App & Firmware,3
2025-12,Email Frontline,Chat Frontline,App & Firmware,Needs review,Needs review,1
2025-12,Email Frontline,Chat Frontline,Audio Quality,Audio Quality,Audio Quality,1
2025-12,Email Frontline,Chat Frontline,Audio Quality,Connectivity,Connectivity,1
2025-12,Email Frontline,Chat Frontline,Charging & Battery,Charging & Battery,Charging & Battery,3
2025-12,Email Frontline,Chat Frontline,Charging & Battery,Needs review,Charging & Battery,1
2025-12,Email Frontline,Chat Frontline,Charging & Battery,Returns & Refunds,Needs review,1
2025-12,Email Frontline,Chat Frontline,Connectivity,Connectivity,Connectivity,3
2025-12,Email Frontline,Chat Frontline,Connectivity,Needs review,Connectivity,3
2025-12,Email Frontline,Chat Frontline,Other,Audio Quality,Audio Quality,1
2025-12,Email Frontline,Chat Frontline,Other,Charging & Battery,Charging & Battery,1
2025-12,Email Frontline,Chat Frontline,Other,Delivery & Shipping,Delivery & Shipping,1
2025-12,Email Frontline,Chat Frontline,Other,Needs review,Cancellation & Order Changes,1
2025-12,Email Frontline,Chat Frontline,Other,Needs review,Needs review,2
2025-12,Email Frontline,Chat Frontline,Product Enquiry,Needs review,Product Enquiry,2
2025-12,Email Frontline,Chat Frontline,Product Enquiry,Product Enquiry,Product Enquiry,2
2025-12,Email Frontline,Email Frontline,Account & Login,Account & Login,Account & Login,6
2025-12,Email Frontline,Email Frontline,Account & Login,Needs review,Account & Login,5
2025-12,Email Frontline,Email Frontline,App & Firmware,App & Firmware,App & Firmware,8
2025-12,Email Frontline,Email Frontline,App & Firmware,Connectivity,Connectivity,1
2025-12,Email Frontline,Email Frontline,App & Firmware,Needs review,App & Firmware,1
2025-12,Email Frontline,Email Frontline,App & Firmware,Needs review,Charging & Battery,1
2025-12,Email Frontline,Email Frontline,Audio Quality,Audio Quality,Audio Quality,7
2025-12,Email Frontline,Email Frontline,Audio Quality,Needs review,Audio Quality,2
2025-12,Email Frontline,Email Frontline,Audio Quality,Needs review,Needs review,5
2025-12,Email Frontline,Email Frontline,Charging & Battery,App & Firmware,App & Firmware,1
2025-12,Email Frontline,Email Frontline,Charging & Battery,Charging & Battery,Charging & Battery,13
2025-12,Email Frontline,Email Frontline,Charging & Battery,Charging & Battery,Needs review,1
2025-12,Email Frontline,Email Frontline,Charging & Battery,Needs review,Charging & Battery,3
2025-12,Email Frontline,Email Frontline,Charging & Battery,Needs review,Needs review,2
2025-12,Email Frontline,Email Frontline,Connectivity,Connectivity,Connectivity,9
2025-12,Email Frontline,Email Frontline,Connectivity,Connectivity,Needs review,1
2025-12,Email Frontline,Email Frontline,Connectivity,Needs review,App & Firmware,1
2025-12,Email Frontline,Email Frontline,Connectivity,Needs review,Connectivity,7
2025-12,Email Frontline,Email Frontline,Connectivity,Needs review,Needs review,1
2025-12,Email Frontline,Email Frontline,Other,Billing & Payments,Billing & Payments,2
2025-12,Email Frontline,Email Frontline,Other,Cancellation & Order Changes,Cancellation & Order Changes,12
2025-12,Email Frontline,Email Frontline,Other,Delivery & Shipping,Delivery & Shipping,3
2025-12,Email Frontline,Email Frontline,Other,Delivery & Shipping,Needs review,1
2025-12,Email Frontline,Email Frontline,Other,Hardware & Controls,Hardware & Controls,1
2025-12,Email Frontline,Email Frontline,Other,Needs review,Cancellation & Order Changes,1
2025-12,Email Frontline,Email Frontline,Other,Needs review,Connectivity,1
2025-12,Email Frontline,Email Frontline,Other,Needs review,Delivery & Shipping,1
2025-12,Email Frontline,Email Frontline,Other,Needs review,Needs review,11
2025-12,Email Frontline,Email Frontline,Other,Needs review,Product Enquiry,1
2025-12,Email Frontline,Email Frontline,Other,Needs review,Warranty & Repair,1
2025-12,Email Frontline,Email Frontline,Other,Returns & Refunds,Needs review,2
2025-12,Email Frontline,Email Frontline,Other,Warranty & Repair,Warranty & Repair,1
2025-12,Email Frontline,Email Frontline,Product Enquiry,Needs review,Needs review,3
2025-12,Email Frontline,Email Frontline,Product Enquiry,Needs review,Product Enquiry,7
2025-12,Email Frontline,Email Frontline,Product Enquiry,Product Enquiry,Product Enquiry,5
2025-12,Email Frontline,Escalations & Warranty,Audio Quality,Audio Quality,Audio Quality,1
2025-12,Email Frontline,Escalations & Warranty,Audio Quality,Needs review,Audio Quality,1
2025-12,Email Frontline,Escalations & Warranty,Connectivity,Connectivity,Connectivity,1
2025-12,Email Frontline,Logistics,Other,Needs review,Needs review,1
2025-12,Escalations & Warranty,Chat Frontline,Warranty & Repair,Charging & Battery,Charging & Battery,1
2025-12,Escalations & Warranty,Chat Frontline,Warranty & Repair,Warranty & Repair,Warranty & Repair,1
2025-12,Escalations & Warranty,Email Frontline,Warranty & Repair,Returns & Refunds,Needs review,1
2025-12,Escalations & Warranty,Escalations & Warranty,Warranty & Repair,Audio Quality,Audio Quality,1
2025-12,Escalations & Warranty,Escalations & Warranty,Warranty & Repair,Delivery & Shipping,Delivery & Shipping,2
2025-12,Escalations & Warranty,Escalations & Warranty,Warranty & Repair,Hardware & Controls,Hardware & Controls,2
2025-12,Escalations & Warranty,Escalations & Warranty,Warranty & Repair,Needs review,Hardware & Controls,2
2025-12,Escalations & Warranty,Escalations & Warranty,Warranty & Repair,Needs review,Needs review,6
2025-12,Escalations & Warranty,Escalations & Warranty,Warranty & Repair,Needs review,Warranty & Repair,2
2025-12,Escalations & Warranty,Escalations & Warranty,Warranty & Repair,Returns & Refunds,Needs review,1
2025-12,Escalations & Warranty,Escalations & Warranty,Warranty & Repair,Warranty & Repair,Warranty & Repair,20
2025-12,Escalations & Warranty,Returns Desk,Warranty & Repair,Warranty & Repair,Warranty & Repair,1
2025-12,Logistics,Billing,Delivery & Shipping,Delivery & Shipping,Delivery & Shipping,1
2025-12,Logistics,Billing,Delivery & Shipping,Delivery & Shipping,Needs review,1
2025-12,Logistics,Billing,Delivery & Shipping,Needs review,Delivery & Shipping,1
2025-12,Logistics,Chat Frontline,Delivery & Shipping,Delivery & Shipping,Delivery & Shipping,2
2025-12,Logistics,Email Frontline,Delivery & Shipping,Delivery & Shipping,Delivery & Shipping,1
2025-12,Logistics,Email Frontline,Delivery & Shipping,Delivery & Shipping,Needs review,1
2025-12,Logistics,Email Frontline,Delivery & Shipping,Needs review,Delivery & Shipping,1
2025-12,Logistics,Email Frontline,Delivery & Shipping,Needs review,Needs review,1
2025-12,Logistics,Logistics,Delivery & Shipping,Cancellation & Order Changes,Cancellation & Order Changes,2
2025-12,Logistics,Logistics,Delivery & Shipping,Charging & Battery,Needs review,1
2025-12,Logistics,Logistics,Delivery & Shipping,Delivery & Shipping,Delivery & Shipping,60
2025-12,Logistics,Logistics,Delivery & Shipping,Delivery & Shipping,Needs review,4
2025-12,Logistics,Logistics,Delivery & Shipping,Needs review,Delivery & Shipping,33
2025-12,Logistics,Logistics,Delivery & Shipping,Needs review,Needs review,17
2025-12,Logistics,Logistics,Delivery & Shipping,Needs review,Returns & Refunds,1
2025-12,Logistics,Logistics,Delivery & Shipping,Returns & Refunds,Needs review,2
2025-12,Logistics,Logistics,Delivery & Shipping,Returns & Refunds,Returns & Refunds,3
2025-12,Logistics,Returns Desk,Delivery & Shipping,Cancellation & Order Changes,Cancellation & Order Changes,1
2025-12,Logistics,Returns Desk,Delivery & Shipping,Delivery & Shipping,Delivery & Shipping,3
2025-12,Returns Desk,Billing,Returns & Refunds,Needs review,Returns & Refunds,1
2025-12,Returns Desk,Chat Frontline,Returns & Refunds,Cancellation & Order Changes,Needs review,1
2025-12,Returns Desk,Chat Frontline,Returns & Refunds,Returns & Refunds,Returns & Refunds,2
2025-12,Returns Desk,Email Frontline,Returns & Refunds,Needs review,Returns & Refunds,1
2025-12,Returns Desk,Returns Desk,Returns & Refunds,Cancellation & Order Changes,Needs review,2
2025-12,Returns Desk,Returns Desk,Returns & Refunds,Charging & Battery,Needs review,1
2025-12,Returns Desk,Returns Desk,Returns & Refunds,Delivery & Shipping,Delivery & Shipping,3
2025-12,Returns Desk,Returns Desk,Returns & Refunds,Delivery & Shipping,Needs review,1
2025-12,Returns Desk,Returns Desk,Returns & Refunds,Needs review,Delivery & Shipping,1
2025-12,Returns Desk,Returns Desk,Returns & Refunds,Needs review,Needs review,5
2025-12,Returns Desk,Returns Desk,Returns & Refunds,Needs review,Returns & Refunds,8
2025-12,Returns Desk,Returns Desk,Returns & Refunds,Returns & Refunds,Returns & Refunds,56
2025-12,Voice Frontline,Chat Frontline,Audio Quality,Audio Quality,Audio Quality,2
2025-12,Voice Frontline,Chat Frontline,Charging & Battery,Charging & Battery,Charging & Battery,2
2025-12,Voice Frontline,Email Frontline,Audio Quality,Needs review,Audio Quality,1
2025-12,Voice Frontline,Email Frontline,Charging & Battery,Charging & Battery,Charging & Battery,1
2025-12,Voice Frontline,Escalations & Warranty,Audio Quality,Needs review,Audio Quality,1
2025-12,Voice Frontline,Escalations & Warranty,Connectivity,Connectivity,Connectivity,1
2025-12,Voice Frontline,Escalations & Warranty,Connectivity,Needs review,Needs review,1
2025-12,Voice Frontline,Returns Desk,Audio Quality,Needs review,Needs review,1
2025-12,Voice Frontline,Returns Desk,Other,Delivery & Shipping,Delivery & Shipping,1
2025-12,Voice Frontline,Returns Desk,Product Enquiry,Product Enquiry,Product Enquiry,1
2025-12,Voice Frontline,Voice Frontline,Account & Login,Account & Login,Account & Login,1
2025-12,Voice Frontline,Voice Frontline,Account & Login,Needs review,Account & Login,1
2025-12,Voice Frontline,Voice Frontline,Account & Login,Needs review,Needs review,1
2025-12,Voice Frontline,Voice Frontline,App & Firmware,App & Firmware,App & Firmware,3
2025-12,Voice Frontline,Voice Frontline,App & Firmware,Needs review,App & Firmware,3
2025-12,Voice Frontline,Voice Frontline,App & Firmware,Needs review,Connectivity,1
2025-12,Voice Frontline,Voice Frontline,Audio Quality,Audio Quality,Audio Quality,2
2025-12,Voice Frontline,Voice Frontline,Audio Quality,Needs review,Audio Quality,3
2025-12,Voice Frontline,Voice Frontline,Charging & Battery,Charging & Battery,Charging & Battery,2
2025-12,Voice Frontline,Voice Frontline,Charging & Battery,Needs review,Needs review,2
2025-12,Voice Frontline,Voice Frontline,Connectivity,App & Firmware,App & Firmware,1
2025-12,Voice Frontline,Voice Frontline,Connectivity,Audio Quality,Needs review,1
2025-12,Voice Frontline,Voice Frontline,Connectivity,Connectivity,Connectivity,1
2025-12,Voice Frontline,Voice Frontline,Connectivity,Needs review,Connectivity,2
2025-12,Voice Frontline,Voice Frontline,Connectivity,Needs review,Needs review,6
2025-12,Voice Frontline,Voice Frontline,Other,Billing & Payments,Billing & Payments,1
2025-12,Voice Frontline,Voice Frontline,Other,Cancellation & Order Changes,Cancellation & Order Changes,1
2025-12,Voice Frontline,Voice Frontline,Other,Delivery & Shipping,Delivery & Shipping,1
2025-12,Voice Frontline,Voice Frontline,Other,Needs review,Billing & Payments,1
2025-12,Voice Frontline,Voice Frontline,Other,Needs review,Cancellation & Order Changes,1
2025-12,Voice Frontline,Voice Frontline,Other,Needs review,Charging & Battery,1
2025-12,Voice Frontline,Voice Frontline,Other,Needs review,Connectivity,1
2025-12,Voice Frontline,Voice Frontline,Other,Needs review,Delivery & Shipping,2
2025-12,Voice Frontline,Voice Frontline,Other,Needs review,Product Enquiry,2
2025-12,Voice Frontline,Voice Frontline,Product Enquiry,Product Enquiry,Product Enquiry,2
2026-01,Billing,Billing,Billing & Payments,Billing & Payments,Billing & Payments,54
2026-01,Billing,Billing,Billing & Payments,Cancellation & Order Changes,Cancellation & Order Changes,4
2026-01,Billing,Billing,Billing & Payments,Delivery & Shipping,Delivery & Shipping,13
2026-01,Billing,Billing,Billing & Payments,Delivery & Shipping,Needs review,1
2026-01,Billing,Billing,Billing & Payments,Needs review,Billing & Payments,17
2026-01,Billing,Billing,Billing & Payments,Needs review,Delivery & Shipping,2
2026-01,Billing,Billing,Billing & Payments,Needs review,Needs review,8
2026-01,Billing,Billing,Billing & Payments,Needs review,Returns & Refunds,1
2026-01,Billing,Billing,Billing & Payments,Returns & Refunds,Returns & Refunds,3
2026-01,Billing,Chat Frontline,Billing & Payments,Cancellation & Order Changes,Cancellation & Order Changes,1
2026-01,Billing,Chat Frontline,Billing & Payments,Needs review,Billing & Payments,1
2026-01,Billing,Email Frontline,Billing & Payments,Billing & Payments,Billing & Payments,1
2026-01,Billing,Logistics,Billing & Payments,Delivery & Shipping,Delivery & Shipping,23
2026-01,Billing,Logistics,Billing & Payments,Delivery & Shipping,Needs review,2
2026-01,Billing,Logistics,Billing & Payments,Needs review,Delivery & Shipping,8
2026-01,Billing,Logistics,Billing & Payments,Needs review,Needs review,2
2026-01,Billing,Returns Desk,Billing & Payments,Billing & Payments,Billing & Payments,1
2026-01,Billing,Returns Desk,Billing & Payments,Needs review,Billing & Payments,1
2026-01,Chat Frontline,Billing,App & Firmware,Account & Login,Needs review,1
2026-01,Chat Frontline,Billing,Audio Quality,Audio Quality,Audio Quality,1
2026-01,Chat Frontline,Billing,Charging & Battery,Charging & Battery,Charging & Battery,1
2026-01,Chat Frontline,Billing,Connectivity,Needs review,Needs review,1
2026-01,Chat Frontline,Billing,Other,Cancellation & Order Changes,Cancellation & Order Changes,1
2026-01,Chat Frontline,Billing,Other,Needs review,Cancellation & Order Changes,1
2026-01,Chat Frontline,Billing,Product Enquiry,Product Enquiry,Product Enquiry,1
2026-01,Chat Frontline,Chat Frontline,Account & Login,Account & Login,Account & Login,8
2026-01,Chat Frontline,Chat Frontline,Account & Login,Needs review,Account & Login,2
2026-01,Chat Frontline,Chat Frontline,Account & Login,Needs review,Needs review,2
2026-01,Chat Frontline,Chat Frontline,App & Firmware,App & Firmware,App & Firmware,8
2026-01,Chat Frontline,Chat Frontline,App & Firmware,Charging & Battery,Charging & Battery,1
2026-01,Chat Frontline,Chat Frontline,App & Firmware,Needs review,App & Firmware,8
2026-01,Chat Frontline,Chat Frontline,App & Firmware,Needs review,Connectivity,1
2026-01,Chat Frontline,Chat Frontline,App & Firmware,Needs review,Needs review,2
2026-01,Chat Frontline,Chat Frontline,Audio Quality,Audio Quality,Audio Quality,2
2026-01,Chat Frontline,Chat Frontline,Audio Quality,Needs review,Audio Quality,5
2026-01,Chat Frontline,Chat Frontline,Audio Quality,Needs review,Needs review,7
2026-01,Chat Frontline,Chat Frontline,Charging & Battery,App & Firmware,App & Firmware,1
2026-01,Chat Frontline,Chat Frontline,Charging & Battery,Billing & Payments,Needs review,1
2026-01,Chat Frontline,Chat Frontline,Charging & Battery,Charging & Battery,Charging & Battery,23
2026-01,Chat Frontline,Chat Frontline,Charging & Battery,Needs review,Charging & Battery,10
2026-01,Chat Frontline,Chat Frontline,Charging & Battery,Needs review,Needs review,4
2026-01,Chat Frontline,Chat Frontline,Connectivity,App & Firmware,App & Firmware,1
2026-01,Chat Frontline,Chat Frontline,Connectivity,Connectivity,Connectivity,19
2026-01,Chat Frontline,Chat Frontline,Connectivity,Needs review,Connectivity,18
2026-01,Chat Frontline,Chat Frontline,Connectivity,Needs review,Needs review,8
2026-01,Chat Frontline,Chat Frontline,Other,Account & Login,Account & Login,1
2026-01,Chat Frontline,Chat Frontline,Other,App & Firmware,App & Firmware,1
2026-01,Chat Frontline,Chat Frontline,Other,Billing & Payments,Billing & Payments,3
2026-01,Chat Frontline,Chat Frontline,Other,Cancellation & Order Changes,Cancellation & Order Changes,9
2026-01,Chat Frontline,Chat Frontline,Other,Connectivity,Connectivity,1
2026-01,Chat Frontline,Chat Frontline,Other,Delivery & Shipping,Delivery & Shipping,6
2026-01,Chat Frontline,Chat Frontline,Other,Delivery & Shipping,Needs review,2
2026-01,Chat Frontline,Chat Frontline,Other,Needs review,Audio Quality,1
2026-01,Chat Frontline,Chat Frontline,Other,Needs review,Cancellation & Order Changes,6
2026-01,Chat Frontline,Chat Frontline,Other,Needs review,Charging & Battery,1
2026-01,Chat Frontline,Chat Frontline,Other,Needs review,Connectivity,1
2026-01,Chat Frontline,Chat Frontline,Other,Needs review,Delivery & Shipping,1
2026-01,Chat Frontline,Chat Frontline,Other,Needs review,Needs review,7
2026-01,Chat Frontline,Chat Frontline,Other,Needs review,Product Enquiry,4
2026-01,Chat Frontline,Chat Frontline,Other,Needs review,Warranty & Repair,1
2026-01,Chat Frontline,Chat Frontline,Other,Product Enquiry,Product Enquiry,2
2026-01,Chat Frontline,Chat Frontline,Other,Warranty & Repair,Warranty & Repair,1
2026-01,Chat Frontline,Chat Frontline,Product Enquiry,Billing & Payments,Billing & Payments,1
2026-01,Chat Frontline,Chat Frontline,Product Enquiry,Needs review,Billing & Payments,1
2026-01,Chat Frontline,Chat Frontline,Product Enquiry,Needs review,Needs review,1
2026-01,Chat Frontline,Chat Frontline,Product Enquiry,Needs review,Product Enquiry,12
2026-01,Chat Frontline,Chat Frontline,Product Enquiry,Product Enquiry,Product Enquiry,5
2026-01,Chat Frontline,Email Frontline,Account & Login,Needs review,Account & Login,1
2026-01,Chat Frontline,Email Frontline,App & Firmware,App & Firmware,App & Firmware,2
2026-01,Chat Frontline,Email Frontline,App & Firmware,Needs review,App & Firmware,1
2026-01,Chat Frontline,Email Frontline,App & Firmware,Needs review,Needs review,1
2026-01,Chat Frontline,Email Frontline,Audio Quality,Needs review,Connectivity,1
2026-01,Chat Frontline,Email Frontline,Charging & Battery,Needs review,Charging & Battery,1
2026-01,Chat Frontline,Email Frontline,Connectivity,Connectivity,Connectivity,1
2026-01,Chat Frontline,Email Frontline,Connectivity,Needs review,Connectivity,1
2026-01,Chat Frontline,Email Frontline,Other,Cancellation & Order Changes,Cancellation & Order Changes,1
2026-01,Chat Frontline,Email Frontline,Other,Delivery & Shipping,Delivery & Shipping,2
2026-01,Chat Frontline,Email Frontline,Other,Needs review,Billing & Payments,1
2026-01,Chat Frontline,Email Frontline,Other,Needs review,Needs review,1
2026-01,Chat Frontline,Email Frontline,Other,Product Enquiry,Product Enquiry,1
2026-01,Chat Frontline,Email Frontline,Product Enquiry,Needs review,Product Enquiry,3
2026-01,Chat Frontline,Escalations & Warranty,Charging & Battery,Charging & Battery,Charging & Battery,1
2026-01,Chat Frontline,Escalations & Warranty,Charging & Battery,Needs review,Needs review,1
2026-01,Chat Frontline,Escalations & Warranty,Connectivity,Connectivity,Connectivity,1
2026-01,Chat Frontline,Escalations & Warranty,Connectivity,Needs review,Connectivity,1
2026-01,Chat Frontline,Escalations & Warranty,Other,Needs review,Needs review,1
2026-01,Chat Frontline,Logistics,Audio Quality,Audio Quality,Audio Quality,1
2026-01,Chat Frontline,Logistics,Other,Needs review,Cancellation & Order Changes,1
2026-01,Chat Frontline,Logistics,Product Enquiry,Product Enquiry,Product Enquiry,1
2026-01,Chat Frontline,Returns Desk,Product Enquiry,Product Enquiry,Product Enquiry,1
2026-01,Email Frontline,Billing,Other,Delivery & Shipping,Delivery & Shipping,1
2026-01,Email Frontline,Billing,Product Enquiry,Product Enquiry,Product Enquiry,1
2026-01,Email Frontline,Chat Frontline,Account & Login,Account & Login,Account & Login,1
2026-01,Email Frontline,Chat Frontline,Account & Login,Needs review,Account & Login,1
2026-01,Email Frontline,Chat Frontline,Account & Login,Needs review,Needs review,1
2026-01,Email Frontline,Chat Frontline,App & Firmware,App & Firmware,App & Firmware,1
2026-01,Email Frontline,Chat Frontline,Audio Quality,Audio Quality,Audio Quality,2
2026-01,Email Frontline,Chat Frontline,Audio Quality,Needs review,Audio Quality,1
2026-01,Email Frontline,Chat Frontline,Charging & Battery,Audio Quality,Audio Quality,1
2026-01,Email Frontline,Chat Frontline,Charging & Battery,Charging & Battery,Charging & Battery,1
2026-01,Email Frontline,Chat Frontline,Charging & Battery,Needs review,Charging & Battery,1
2026-01,Email Frontline,Chat Frontline,Connectivity,Connectivity,Connectivity,3
2026-01,Email Frontline,Chat Frontline,Connectivity,Needs review,Connectivity,2
2026-01,Email Frontline,Chat Frontline,Other,Cancellation & Order Changes,Cancellation & Order Changes,3
2026-01,Email Frontline,Chat Frontline,Other,Needs review,Product Enquiry,1
2026-01,Email Frontline,Chat Frontline,Product Enquiry,Needs review,Product Enquiry,1
2026-01,Email Frontline,Email Frontline,Account & Login,Account & Login,Account & Login,1
2026-01,Email Frontline,Email Frontline,Account & Login,Needs review,Account & Login,1
2026-01,Email Frontline,Email Frontline,App & Firmware,App & Firmware,App & Firmware,5
2026-01,Email Frontline,Email Frontline,App & Firmware,Needs review,App & Firmware,2
2026-01,Email Frontline,Email Frontline,App & Firmware,Needs review,Connectivity,1
2026-01,Email Frontline,Email Frontline,Audio Quality,Audio Quality,Audio Quality,3
2026-01,Email Frontline,Email Frontline,Audio Quality,Audio Quality,Needs review,1
2026-01,Email Frontline,Email Frontline,Audio Quality,Connectivity,Connectivity,1
2026-01,Email Frontline,Email Frontline,Audio Quality,Needs review,Audio Quality,1
2026-01,Email Frontline,Email Frontline,Audio Quality,Needs review,Needs review,5
2026-01,Email Frontline,Email Frontline,Audio Quality,Returns & Refunds,Needs review,1
2026-01,Email Frontline,Email Frontline,Charging & Battery,Charging & Battery,Charging & Battery,13
2026-01,Email Frontline,Email Frontline,Charging & Battery,Needs review,Charging & Battery,3
2026-01,Email Frontline,Email Frontline,Connectivity,App & Firmware,App & Firmware,1
2026-01,Email Frontline,Email Frontline,Connectivity,Audio Quality,Audio Quality,1
2026-01,Email Frontline,Email Frontline,Connectivity,Connectivity,Connectivity,7
2026-01,Email Frontline,Email Frontline,Connectivity,Needs review,Connectivity,7
2026-01,Email Frontline,Email Frontline,Connectivity,Needs review,Needs review,7
2026-01,Email Frontline,Email Frontline,Other,Account & Login,Account & Login,1
2026-01,Email Frontline,Email Frontline,Other,Billing & Payments,Billing & Payments,4
2026-01,Email Frontline,Email Frontline,Other,Billing & Payments,Needs review,1
2026-01,Email Frontline,Email Frontline,Other,Cancellation & Order Changes,Cancellation & Order Changes,7
2026-01,Email Frontline,Email Frontline,Other,Connectivity,Connectivity,2
2026-01,Email Frontline,Email Frontline,Other,Delivery & Shipping,Delivery & Shipping,2
2026-01,Email Frontline,Email Frontline,Other,Delivery & Shipping,Needs review,3
2026-01,Email Frontline,Email Frontline,Other,Needs review,Audio Quality,1
2026-01,Email Frontline,Email Frontline,Other,Needs review,Billing & Payments,1
2026-01,Email Frontline,Email Frontline,Other,Needs review,Cancellation & Order Changes,2
2026-01,Email Frontline,Email Frontline,Other,Needs review,Connectivity,1
2026-01,Email Frontline,Email Frontline,Other,Needs review,Needs review,4
2026-01,Email Frontline,Email Frontline,Other,Needs review,Product Enquiry,2
2026-01,Email Frontline,Email Frontline,Product Enquiry,Billing & Payments,Billing & Payments,1
2026-01,Email Frontline,Email Frontline,Product Enquiry,Needs review,Billing & Payments,1
2026-01,Email Frontline,Email Frontline,Product Enquiry,Needs review,Needs review,2
2026-01,Email Frontline,Email Frontline,Product Enquiry,Needs review,Product Enquiry,4
2026-01,Email Frontline,Email Frontline,Product Enquiry,Product Enquiry,Product Enquiry,5
2026-01,Email Frontline,Escalations & Warranty,Audio Quality,Audio Quality,Audio Quality,1
2026-01,Email Frontline,Escalations & Warranty,Audio Quality,Needs review,Needs review,1
2026-01,Email Frontline,Escalations & Warranty,Connectivity,Connectivity,Connectivity,1
2026-01,Email Frontline,Logistics,App & Firmware,Needs review,Needs review,1
2026-01,Email Frontline,Logistics,Connectivity,Needs review,Needs review,1
2026-01,Escalations & Warranty,Billing,Warranty & Repair,Needs review,Audio Quality,1
2026-01,Escalations & Warranty,Chat Frontline,Warranty & Repair,Warranty & Repair,Warranty & Repair,1
2026-01,Escalations & Warranty,Escalations & Warranty,Warranty & Repair,Audio Quality,Needs review,1
2026-01,Escalations & Warranty,Escalations & Warranty,Warranty & Repair,Charging & Battery,Charging & Battery,5
2026-01,Escalations & Warranty,Escalations & Warranty,Warranty & Repair,Delivery & Shipping,Delivery & Shipping,3
2026-01,Escalations & Warranty,Escalations & Warranty,Warranty & Repair,Needs review,Hardware & Controls,1
2026-01,Escalations & Warranty,Escalations & Warranty,Warranty & Repair,Needs review,Needs review,10
2026-01,Escalations & Warranty,Escalations & Warranty,Warranty & Repair,Needs review,Warranty & Repair,1
2026-01,Escalations & Warranty,Escalations & Warranty,Warranty & Repair,Returns & Refunds,Needs review,2
2026-01,Escalations & Warranty,Escalations & Warranty,Warranty & Repair,Warranty & Repair,Warranty & Repair,14
2026-01,Escalations & Warranty,Returns Desk,Warranty & Repair,Needs review,Needs review,1
2026-01,Escalations & Warranty,Returns Desk,Warranty & Repair,Warranty & Repair,Warranty & Repair,1
2026-01,Logistics,Billing,Delivery & Shipping,Delivery & Shipping,Delivery & Shipping,1
2026-01,Logistics,Chat Frontline,Delivery & Shipping,Needs review,Delivery & Shipping,1
2026-01,Logistics,Logistics,Delivery & Shipping,Cancellation & Order Changes,Cancellation & Order Changes,1
2026-01,Logistics,Logistics,Delivery & Shipping,Cancellation & Order Changes,Needs review,4
2026-01,Logistics,Logistics,Delivery & Shipping,Delivery & Shipping,Delivery & Shipping,65
2026-01,Logistics,Logistics,Delivery & Shipping,Delivery & Shipping,Needs review,6
2026-01,Logistics,Logistics,Delivery & Shipping,Needs review,Delivery & Shipping,26
2026-01,Logistics,Logistics,Delivery & Shipping,Needs review,Needs review,8
2026-01,Logistics,Logistics,Delivery & Shipping,Returns & Refunds,Returns & Refunds,7
2026-01,Logistics,Returns Desk,Delivery & Shipping,Delivery & Shipping,Needs review,2
2026-01,Returns Desk,Billing,Returns & Refunds,Returns & Refunds,Returns & Refunds,1
2026-01,Returns Desk,Email Frontline,Returns & Refunds,Needs review,Returns & Refunds,1
2026-01,Returns Desk,Email Frontline,Returns & Refunds,Returns & Refunds,Returns & Refunds,1
2026-01,Returns Desk,Returns Desk,Returns & Refunds,Delivery & Shipping,Delivery & Shipping,1
2026-01,Returns Desk,Returns Desk,Returns & Refunds,Delivery & Shipping,Needs review,1
2026-01,Returns Desk,Returns Desk,Returns & Refunds,Needs review,Needs review,4
2026-01,Returns Desk,Returns Desk,Returns & Refunds,Needs review,Returns & Refunds,17
2026-01,Returns Desk,Returns Desk,Returns & Refunds,Returns & Refunds,Returns & Refunds,44
2026-01,Voice Frontline,Chat Frontline,Audio Quality,Needs review,Needs review,1
2026-01,Voice Frontline,Chat Frontline,Product Enquiry,Product Enquiry,Product Enquiry,1
2026-01,Voice Frontline,Escalations & Warranty,Audio Quality,Needs review,Audio Quality,1
2026-01,Voice Frontline,Escalations & Warranty,Charging & Battery,Charging & Battery,Charging & Battery,1
2026-01,Voice Frontline,Escalations & Warranty,Connectivity,Connectivity,Connectivity,1
2026-01,Voice Frontline,Logistics,Account & Login,Needs review,Account & Login,1
2026-01,Voice Frontline,Logistics,App & Firmware,App & Firmware,App & Firmware,1
2026-01,Voice Frontline,Logistics,Other,Cancellation & Order Changes,Cancellation & Order Changes,1
2026-01,Voice Frontline,Returns Desk,Product Enquiry,Product Enquiry,Product Enquiry,1
2026-01,Voice Frontline,Voice Frontline,Account & Login,Account & Login,Account & Login,2
2026-01,Voice Frontline,Voice Frontline,Account & Login,Needs review,Account & Login,2
2026-01,Voice Frontline,Voice Frontline,Account & Login,Needs review,Needs review,1
2026-01,Voice Frontline,Voice Frontline,App & Firmware,App & Firmware,App & Firmware,4
2026-01,Voice Frontline,Voice Frontline,App & Firmware,Needs review,Charging & Battery,1
2026-01,Voice Frontline,Voice Frontline,App & Firmware,Needs review,Connectivity,1
2026-01,Voice Frontline,Voice Frontline,App & Firmware,Needs review,Needs review,2
2026-01,Voice Frontline,Voice Frontline,Audio Quality,Audio Quality,Audio Quality,5
2026-01,Voice Frontline,Voice Frontline,Audio Quality,Needs review,Audio Quality,1
2026-01,Voice Frontline,Voice Frontline,Audio Quality,Needs review,Needs review,1
2026-01,Voice Frontline,Voice Frontline,Charging & Battery,Billing & Payments,Needs review,1
2026-01,Voice Frontline,Voice Frontline,Charging & Battery,Charging & Battery,Charging & Battery,8
2026-01,Voice Frontline,Voice Frontline,Charging & Battery,Needs review,Audio Quality,1
2026-01,Voice Frontline,Voice Frontline,Charging & Battery,Needs review,Charging & Battery,3
2026-01,Voice Frontline,Voice Frontline,Connectivity,Connectivity,Connectivity,5
2026-01,Voice Frontline,Voice Frontline,Connectivity,Needs review,Connectivity,4
2026-01,Voice Frontline,Voice Frontline,Connectivity,Needs review,Needs review,1
2026-01,Voice Frontline,Voice Frontline,Connectivity,Returns & Refunds,Needs review,2
2026-01,Voice Frontline,Voice Frontline,Other,Billing & Payments,Billing & Payments,2
2026-01,Voice Frontline,Voice Frontline,Other,Cancellation & Order Changes,Cancellation & Order Changes,4
2026-01,Voice Frontline,Voice Frontline,Other,Connectivity,Connectivity,1
2026-01,Voice Frontline,Voice Frontline,Other,Needs review,Cancellation & Order Changes,1
2026-01,Voice Frontline,Voice Frontline,Other,Needs review,Charging & Battery,1
2026-01,Voice Frontline,Voice Frontline,Other,Needs review,Needs review,3
2026-01,Voice Frontline,Voice Frontline,Product Enquiry,Needs review,Product Enquiry,5
2026-01,Voice Frontline,Voice Frontline,Product Enquiry,Product Enquiry,Product Enquiry,1
2026-02,Billing,Billing,Billing & Payments,Billing & Payments,Billing & Payments,50
2026-02,Billing,Billing,Billing & Payments,Cancellation & Order Changes,Cancellation & Order Changes,2
2026-02,Billing,Billing,Billing & Payments,Delivery & Shipping,Delivery & Shipping,12
2026-02,Billing,Billing,Billing & Payments,Needs review,Billing & Payments,14
2026-02,Billing,Billing,Billing & Payments,Needs review,Delivery & Shipping,2
2026-02,Billing,Billing,Billing & Payments,Needs review,Needs review,10
2026-02,Billing,Billing,Billing & Payments,Needs review,Returns & Refunds,2
2026-02,Billing,Billing,Billing & Payments,Returns & Refunds,Returns & Refunds,6
2026-02,Billing,Chat Frontline,Billing & Payments,Billing & Payments,Billing & Payments,1
2026-02,Billing,Chat Frontline,Billing & Payments,Needs review,Billing & Payments,1
2026-02,Billing,Email Frontline,Billing & Payments,Billing & Payments,Billing & Payments,4
2026-02,Billing,Email Frontline,Billing & Payments,Needs review,Billing & Payments,1
2026-02,Billing,Logistics,Billing & Payments,Billing & Payments,Billing & Payments,4
2026-02,Billing,Logistics,Billing & Payments,Billing & Payments,Needs review,2
2026-02,Billing,Logistics,Billing & Payments,Delivery & Shipping,Delivery & Shipping,17
2026-02,Billing,Logistics,Billing & Payments,Delivery & Shipping,Needs review,4
2026-02,Billing,Logistics,Billing & Payments,Needs review,Delivery & Shipping,9
2026-02,Billing,Logistics,Billing & Payments,Needs review,Needs review,5
2026-02,Billing,Returns Desk,Billing & Payments,Billing & Payments,Billing & Payments,2
2026-02,Chat Frontline,Chat Frontline,Account & Login,Account & Login,Account & Login,5
2026-02,Chat Frontline,Chat Frontline,Account & Login,Needs review,Account & Login,4
2026-02,Chat Frontline,Chat Frontline,Account & Login,Needs review,Needs review,3
2026-02,Chat Frontline,Chat Frontline,App & Firmware,Account & Login,Account & Login,2
2026-02,Chat Frontline,Chat Frontline,App & Firmware,App & Firmware,App & Firmware,19
2026-02,Chat Frontline,Chat Frontline,App & Firmware,Charging & Battery,Charging & Battery,1
2026-02,Chat Frontline,Chat Frontline,App & Firmware,Connectivity,Connectivity,1
2026-02,Chat Frontline,Chat Frontline,App & Firmware,Needs review,App & Firmware,8
2026-02,Chat Frontline,Chat Frontline,App & Firmware,Needs review,Charging & Battery,2
2026-02,Chat Frontline,Chat Frontline,Audio Quality,Audio Quality,Audio Quality,5
2026-02,Chat Frontline,Chat Frontline,Audio Quality,Needs review,Audio Quality,6
2026-02,Chat Frontline,Chat Frontline,Audio Quality,Needs review,Needs review,4
2026-02,Chat Frontline,Chat Frontline,Charging & Battery,Audio Quality,Audio Quality,2
2026-02,Chat Frontline,Chat Frontline,Charging & Battery,Billing & Payments,Billing & Payments,1
2026-02,Chat Frontline,Chat Frontline,Charging & Battery,Charging & Battery,Charging & Battery,14
2026-02,Chat Frontline,Chat Frontline,Charging & Battery,Needs review,Audio Quality,1
2026-02,Chat Frontline,Chat Frontline,Charging & Battery,Needs review,Charging & Battery,5
2026-02,Chat Frontline,Chat Frontline,Charging & Battery,Needs review,Needs review,1
2026-02,Chat Frontline,Chat Frontline,Connectivity,App & Firmware,App & Firmware,1
2026-02,Chat Frontline,Chat Frontline,Connectivity,Connectivity,Connectivity,5
2026-02,Chat Frontline,Chat Frontline,Connectivity,Needs review,App & Firmware,2
2026-02,Chat Frontline,Chat Frontline,Connectivity,Needs review,Connectivity,16
2026-02,Chat Frontline,Chat Frontline,Connectivity,Needs review,Needs review,8
2026-02,Chat Frontline,Chat Frontline,Other,App & Firmware,App & Firmware,3
2026-02,Chat Frontline,Chat Frontline,Other,Audio Quality,Audio Quality,1
2026-02,Chat Frontline,Chat Frontline,Other,Billing & Payments,Billing & Payments,7
2026-02,Chat Frontline,Chat Frontline,Other,Cancellation & Order Changes,Cancellation & Order Changes,9
2026-02,Chat Frontline,Chat Frontline,Other,Cancellation & Order Changes,Needs review,1
2026-02,Chat Frontline,Chat Frontline,Other,Connectivity,Connectivity,4
2026-02,Chat Frontline,Chat Frontline,Other,Delivery & Shipping,Delivery & Shipping,7
2026-02,Chat Frontline,Chat Frontline,Other,Needs review,Account & Login,1
2026-02,Chat Frontline,Chat Frontline,Other,Needs review,App & Firmware,1
2026-02,Chat Frontline,Chat Frontline,Other,Needs review,Audio Quality,1
2026-02,Chat Frontline,Chat Frontline,Other,Needs review,Billing & Payments,1
2026-02,Chat Frontline,Chat Frontline,Other,Needs review,Cancellation & Order Changes,2
2026-02,Chat Frontline,Chat Frontline,Other,Needs review,Charging & Battery,1
2026-02,Chat Frontline,Chat Frontline,Other,Needs review,Connectivity,1
2026-02,Chat Frontline,Chat Frontline,Other,Needs review,Delivery & Shipping,2
2026-02,Chat Frontline,Chat Frontline,Other,Needs review,Needs review,4
2026-02,Chat Frontline,Chat Frontline,Other,Needs review,Product Enquiry,1
2026-02,Chat Frontline,Chat Frontline,Other,Product Enquiry,Product Enquiry,3
2026-02,Chat Frontline,Chat Frontline,Other,Returns & Refunds,Needs review,2
2026-02,Chat Frontline,Chat Frontline,Other,Warranty & Repair,Warranty & Repair,1
2026-02,Chat Frontline,Chat Frontline,Product Enquiry,Billing & Payments,Billing & Payments,2
2026-02,Chat Frontline,Chat Frontline,Product Enquiry,Needs review,Billing & Payments,1
2026-02,Chat Frontline,Chat Frontline,Product Enquiry,Needs review,Product Enquiry,8
2026-02,Chat Frontline,Chat Frontline,Product Enquiry,Product Enquiry,Product Enquiry,6
2026-02,Chat Frontline,Email Frontline,Account & Login,Account & Login,Account & Login,1
2026-02,Chat Frontline,Email Frontline,Connectivity,Connectivity,Connectivity,1
2026-02,Chat Frontline,Email Frontline,Other,Cancellation & Order Changes,Cancellation & Order Changes,2
2026-02,Chat Frontline,Email Frontline,Other,Needs review,Needs review,1
2026-02,Chat Frontline,Email Frontline,Product Enquiry,Billing & Payments,Billing & Payments,1
2026-02,Chat Frontline,Email Frontline,Product Enquiry,Charging & Battery,Needs review,1
2026-02,Chat Frontline,Email Frontline,Product Enquiry,Needs review,Needs review,1
2026-02,Chat Frontline,Escalations & Warranty,Other,Connectivity,Connectivity,1
2026-02,Chat Frontline,Returns Desk,Account & Login,Needs review,Account & Login,1
2026-02,Chat Frontline,Returns Desk,Connectivity,Connectivity,Connectivity,1
2026-02,Chat Frontline,Returns Desk,Connectivity,Needs review,Connectivity,1
2026-02,Email Frontline,Billing,Audio Quality,Needs review,Needs review,1
2026-02,Email Frontline,Chat Frontline,Account & Login,Account & Login,Account & Login,3
2026-02,Email Frontline,Chat Frontline,Account & Login,Billing & Payments,Billing & Payments,1
2026-02,Email Frontline,Chat Frontline,App & Firmware,App & Firmware,App & Firmware,1
2026-02,Email Frontline,Chat Frontline,Charging & Battery,App & Firmware,App & Firmware,1
2026-02,Email Frontline,Chat Frontline,Charging & Battery,Charging & Battery,Charging & Battery,3
2026-02,Email Frontline,Chat Frontline,Charging & Battery,Returns & Refunds,Needs review,1
2026-02,Email Frontline,Chat Frontline,Connectivity,Connectivity,Connectivity,4
2026-02,Email Frontline,Chat Frontline,Connectivity,Needs review,Connectivity,2
2026-02,Email Frontline,Chat Frontline,Connectivity,Needs review,Needs review,1
2026-02,Email Frontline,Chat Frontline,Other,Billing & Payments,Billing & Payments,1
2026-02,Email Frontline,Chat Frontline,Other,Cancellation & Order Changes,Cancellation & Order Changes,2
2026-02,Email Frontline,Chat Frontline,Other,Delivery & Shipping,Delivery & Shipping,1
2026-02,Email Frontline,Chat Frontline,Other,Product Enquiry,Product Enquiry,1
2026-02,Email Frontline,Chat Frontline,Product Enquiry,Charging & Battery,Needs review,1
2026-02,Email Frontline,Chat Frontline,Product Enquiry,Needs review,Product Enquiry,1
2026-02,Email Frontline,Email Frontline,Account & Login,Account & Login,Account & Login,2
2026-02,Email Frontline,Email Frontline,Account & Login,Needs review,Account & Login,1
2026-02,Email Frontline,Email Frontline,Account & Login,Needs review,Needs review,1
2026-02,Email Frontline,Email Frontline,App & Firmware,App & Firmware,App & Firmware,9
2026-02,Email Frontline,Email Frontline,App & Firmware,Charging & Battery,Charging & Battery,1
2026-02,Email Frontline,Email Frontline,App & Firmware,Needs review,App & Firmware,4
2026-02,Email Frontline,Email Frontline,App & Firmware,Needs review,Connectivity,1
2026-02,Email Frontline,Email Frontline,Audio Quality,Audio Quality,Audio Quality,2
2026-02,Email Frontline,Email Frontline,Audio Quality,Needs review,Audio Quality,1
2026-02,Email Frontline,Email Frontline,Audio Quality,Needs review,Needs review,2
2026-02,Email Frontline,Email Frontline,Charging & Battery,Charging & Battery,Charging & Battery,7
2026-02,Email Frontline,Email Frontline,Charging & Battery,Needs review,Charging & Battery,1
2026-02,Email Frontline,Email Frontline,Charging & Battery,Needs review,Needs review,1
2026-02,Email Frontline,Email Frontline,Connectivity,Connectivity,Connectivity,5
2026-02,Email Frontline,Email Frontline,Connectivity,Needs review,Connectivity,7
2026-02,Email Frontline,Email Frontline,Connectivity,Needs review,Needs review,5
2026-02,Email Frontline,Email Frontline,Other,Audio Quality,Audio Quality,1
2026-02,Email Frontline,Email Frontline,Other,Billing & Payments,Billing & Payments,3
2026-02,Email Frontline,Email Frontline,Other,Cancellation & Order Changes,Cancellation & Order Changes,9
2026-02,Email Frontline,Email Frontline,Other,Connectivity,Connectivity,1
2026-02,Email Frontline,Email Frontline,Other,Delivery & Shipping,Delivery & Shipping,5
2026-02,Email Frontline,Email Frontline,Other,Needs review,Audio Quality,1
2026-02,Email Frontline,Email Frontline,Other,Needs review,Cancellation & Order Changes,2
2026-02,Email Frontline,Email Frontline,Other,Needs review,Connectivity,1
2026-02,Email Frontline,Email Frontline,Other,Needs review,Needs review,7
2026-02,Email Frontline,Email Frontline,Other,Product Enquiry,Product Enquiry,2
2026-02,Email Frontline,Email Frontline,Product Enquiry,Needs review,Product Enquiry,5
2026-02,Email Frontline,Email Frontline,Product Enquiry,Product Enquiry,Product Enquiry,3
2026-02,Email Frontline,Escalations & Warranty,Audio Quality,Audio Quality,Audio Quality,2
2026-02,Email Frontline,Escalations & Warranty,Charging & Battery,Needs review,Charging & Battery,1
2026-02,Email Frontline,Escalations & Warranty,Connectivity,Connectivity,Needs review,1
2026-02,Email Frontline,Escalations & Warranty,Connectivity,Needs review,Connectivity,1
2026-02,Email Frontline,Escalations & Warranty,Other,Charging & Battery,Charging & Battery,1
2026-02,Email Frontline,Logistics,Audio Quality,Audio Quality,Audio Quality,1
2026-02,Email Frontline,Returns Desk,Audio Quality,Needs review,Needs review,1
2026-02,Email Frontline,Returns Desk,Product Enquiry,Needs review,Product Enquiry,1
2026-02,Email Frontline,Returns Desk,Product Enquiry,Product Enquiry,Product Enquiry,1
2026-02,Escalations & Warranty,Chat Frontline,Warranty & Repair,Needs review,Audio Quality,1
2026-02,Escalations & Warranty,Email Frontline,Warranty & Repair,Charging & Battery,Charging & Battery,1
2026-02,Escalations & Warranty,Escalations & Warranty,Warranty & Repair,Hardware & Controls,Hardware & Controls,2
2026-02,Escalations & Warranty,Escalations & Warranty,Warranty & Repair,Needs review,Charging & Battery,1
2026-02,Escalations & Warranty,Escalations & Warranty,Warranty & Repair,Needs review,Delivery & Shipping,2
2026-02,Escalations & Warranty,Escalations & Warranty,Warranty & Repair,Needs review,Needs review,3
2026-02,Escalations & Warranty,Escalations & Warranty,Warranty & Repair,Needs review,Warranty & Repair,2
2026-02,Escalations & Warranty,Escalations & Warranty,Warranty & Repair,Warranty & Repair,Warranty & Repair,20
2026-02,Escalations & Warranty,Returns Desk,Warranty & Repair,Returns & Refunds,Needs review,1
2026-02,Escalations & Warranty,Returns Desk,Warranty & Repair,Warranty & Repair,Warranty & Repair,1
2026-02,Logistics,Billing,Delivery & Shipping,Delivery & Shipping,Delivery & Shipping,2
2026-02,Logistics,Billing,Delivery & Shipping,Needs review,Delivery & Shipping,2
2026-02,Logistics,Chat Frontline,Delivery & Shipping,Delivery & Shipping,Needs review,1
2026-02,Logistics,Chat Frontline,Delivery & Shipping,Needs review,Needs review,2
2026-02,Logistics,Email Frontline,Delivery & Shipping,Delivery & Shipping,Delivery & Shipping,2
2026-02,Logistics,Logistics,Delivery & Shipping,Cancellation & Order Changes,Cancellation & Order Changes,3
2026-02,Logistics,Logistics,Delivery & Shipping,Cancellation & Order Changes,Needs review,2
2026-02,Logistics,Logistics,Delivery & Shipping,Charging & Battery,Needs review,1
2026-02,Logistics,Logistics,Delivery & Shipping,Delivery & Shipping,Delivery & Shipping,63
2026-02,Logistics,Logistics,Delivery & Shipping,Delivery & Shipping,Needs review,3
2026-02,Logistics,Logistics,Delivery & Shipping,Needs review,Cancellation & Order Changes,1
2026-02,Logistics,Logistics,Delivery & Shipping,Needs review,Delivery & Shipping,23
2026-02,Logistics,Logistics,Delivery & Shipping,Needs review,Needs review,9
2026-02,Logistics,Logistics,Delivery & Shipping,Returns & Refunds,Returns & Refunds,3
2026-02,Returns Desk,Email Frontline,Returns & Refunds,Delivery & Shipping,Delivery & Shipping,1
2026-02,Returns Desk,Email Frontline,Returns & Refunds,Returns & Refunds,Returns & Refunds,1
2026-02,Returns Desk,Logistics,Returns & Refunds,Returns & Refunds,Returns & Refunds,1
2026-02,Returns Desk,Returns Desk,Returns & Refunds,Billing & Payments,Needs review,1
2026-02,Returns Desk,Returns Desk,Returns & Refunds,Delivery & Shipping,Delivery & Shipping,3
2026-02,Returns Desk,Returns Desk,Returns & Refunds,Needs review,Delivery & Shipping,1
2026-02,Returns Desk,Returns Desk,Returns & Refunds,Needs review,Needs review,1
2026-02,Returns Desk,Returns Desk,Returns & Refunds,Needs review,Returns & Refunds,11
2026-02,Returns Desk,Returns Desk,Returns & Refunds,Returns & Refunds,Returns & Refunds,38
2026-02,Voice Frontline,Email Frontline,Audio Quality,Audio Quality,Audio Quality,1
2026-02,Voice Frontline,Escalations & Warranty,Charging & Battery,Audio Quality,Audio Quality,1
2026-02,Voice Frontline,Escalations & Warranty,Connectivity,Connectivity,Connectivity,1
2026-02,Voice Frontline,Escalations & Warranty,Connectivity,Needs review,Connectivity,1
2026-02,Voice Frontline,Logistics,Connectivity,Needs review,Needs review,1
2026-02,Voice Frontline,Voice Frontline,Account & Login,Account & Login,Account & Login,4
2026-02,Voice Frontline,Voice Frontline,Account & Login,Needs review,Account & Login,3
2026-02,Voice Frontline,Voice Frontline,App & Firmware,App & Firmware,App & Firmware,1
2026-02,Voice Frontline,Voice Frontline,App & Firmware,Needs review,App & Firmware,3
2026-02,Voice Frontline,Voice Frontline,App & Firmware,Needs review,Needs review,1
2026-02,Voice Frontline,Voice Frontline,Audio Quality,Audio Quality,Audio Quality,2
2026-02,Voice Frontline,Voice Frontline,Audio Quality,Needs review,Audio Quality,1
2026-02,Voice Frontline,Voice Frontline,Audio Quality,Needs review,Needs review,3
2026-02,Voice Frontline,Voice Frontline,Charging & Battery,Charging & Battery,Charging & Battery,4
2026-02,Voice Frontline,Voice Frontline,Charging & Battery,Hardware & Controls,Needs review,1
2026-02,Voice Frontline,Voice Frontline,Charging & Battery,Needs review,Charging & Battery,1
2026-02,Voice Frontline,Voice Frontline,Connectivity,App & Firmware,App & Firmware,1
2026-02,Voice Frontline,Voice Frontline,Connectivity,Connectivity,Connectivity,3
2026-02,Voice Frontline,Voice Frontline,Connectivity,Needs review,Connectivity,3
2026-02,Voice Frontline,Voice Frontline,Connectivity,Needs review,Needs review,1
2026-02,Voice Frontline,Voice Frontline,Other,Billing & Payments,Billing & Payments,2
2026-02,Voice Frontline,Voice Frontline,Other,Cancellation & Order Changes,Cancellation & Order Changes,4
2026-02,Voice Frontline,Voice Frontline,Other,Charging & Battery,Charging & Battery,1
2026-02,Voice Frontline,Voice Frontline,Other,Needs review,Cancellation & Order Changes,3
2026-02,Voice Frontline,Voice Frontline,Other,Needs review,Needs review,3
2026-02,Voice Frontline,Voice Frontline,Other,Needs review,Product Enquiry,1
2026-02,Voice Frontline,Voice Frontline,Product Enquiry,Needs review,Needs review,1
2026-02,Voice Frontline,Voice Frontline,Product Enquiry,Product Enquiry,Product Enquiry,1
2026-03,Billing,Billing,Billing & Payments,Billing & Payments,Billing & Payments,56
2026-03,Billing,Billing,Billing & Payments,Cancellation & Order Changes,Cancellation & Order Changes,1
2026-03,Billing,Billing,Billing & Payments,Delivery & Shipping,Delivery & Shipping,15
2026-03,Billing,Billing,Billing & Payments,Needs review,Billing & Payments,19
2026-03,Billing,Billing,Billing & Payments,Needs review,Delivery & Shipping,2
2026-03,Billing,Billing,Billing & Payments,Needs review,Needs review,14
2026-03,Billing,Billing,Billing & Payments,Needs review,Returns & Refunds,1
2026-03,Billing,Billing,Billing & Payments,Returns & Refunds,Returns & Refunds,7
2026-03,Billing,Chat Frontline,Billing & Payments,Billing & Payments,Billing & Payments,1
2026-03,Billing,Logistics,Billing & Payments,Billing & Payments,Billing & Payments,1
2026-03,Billing,Logistics,Billing & Payments,Billing & Payments,Needs review,1
2026-03,Billing,Logistics,Billing & Payments,Delivery & Shipping,Delivery & Shipping,31
2026-03,Billing,Logistics,Billing & Payments,Needs review,Delivery & Shipping,3
2026-03,Billing,Logistics,Billing & Payments,Needs review,Needs review,3
2026-03,Billing,Logistics,Billing & Payments,Needs review,Returns & Refunds,1
2026-03,Billing,Logistics,Billing & Payments,Returns & Refunds,Needs review,1
2026-03,Billing,Returns Desk,Billing & Payments,Billing & Payments,Billing & Payments,1
2026-03,Billing,Returns Desk,Billing & Payments,Needs review,Billing & Payments,1
2026-03,Chat Frontline,Billing,Charging & Battery,Needs review,Charging & Battery,1
2026-03,Chat Frontline,Billing,Connectivity,Needs review,Connectivity,1
2026-03,Chat Frontline,Billing,Other,Billing & Payments,Billing & Payments,1
2026-03,Chat Frontline,Billing,Other,Needs review,Audio Quality,1
2026-03,Chat Frontline,Chat Frontline,Account & Login,Account & Login,Account & Login,8
2026-03,Chat Frontline,Chat Frontline,Account & Login,Billing & Payments,Billing & Payments,1
2026-03,Chat Frontline,Chat Frontline,Account & Login,Needs review,Account & Login,6
2026-03,Chat Frontline,Chat Frontline,Account & Login,Needs review,Billing & Payments,1
2026-03,Chat Frontline,Chat Frontline,Account & Login,Needs review,Needs review,3
2026-03,Chat Frontline,Chat Frontline,App & Firmware,App & Firmware,App & Firmware,15
2026-03,Chat Frontline,Chat Frontline,App & Firmware,Charging & Battery,Charging & Battery,1
2026-03,Chat Frontline,Chat Frontline,App & Firmware,Needs review,Account & Login,1
2026-03,Chat Frontline,Chat Frontline,App & Firmware,Needs review,App & Firmware,2
2026-03,Chat Frontline,Chat Frontline,App & Firmware,Needs review,Connectivity,1
2026-03,Chat Frontline,Chat Frontline,Audio Quality,Audio Quality,Audio Quality,7
2026-03,Chat Frontline,Chat Frontline,Audio Quality,Needs review,Audio Quality,7
2026-03,Chat Frontline,Chat Frontline,Audio Quality,Needs review,Connectivity,1
2026-03,Chat Frontline,Chat Frontline,Audio Quality,Needs review,Needs review,11
2026-03,Chat Frontline,Chat Frontline,Charging & Battery,Charging & Battery,Charging & Battery,12
2026-03,Chat Frontline,Chat Frontline,Charging & Battery,Needs review,Audio Quality,1
2026-03,Chat Frontline,Chat Frontline,Charging & Battery,Needs review,Charging & Battery,7
2026-03,Chat Frontline,Chat Frontline,Charging & Battery,Needs review,Needs review,4
2026-03,Chat Frontline,Chat Frontline,Charging & Battery,Returns & Refunds,Needs review,1
2026-03,Chat Frontline,Chat Frontline,Connectivity,Connectivity,Connectivity,8
2026-03,Chat Frontline,Chat Frontline,Connectivity,Connectivity,Needs review,1
2026-03,Chat Frontline,Chat Frontline,Connectivity,Needs review,Audio Quality,1
2026-03,Chat Frontline,Chat Frontline,Connectivity,Needs review,Connectivity,17
2026-03,Chat Frontline,Chat Frontline,Connectivity,Needs review,Needs review,1
2026-03,Chat Frontline,Chat Frontline,Other,App & Firmware,App & Firmware,3
2026-03,Chat Frontline,Chat Frontline,Other,Billing & Payments,Billing & Payments,7
2026-03,Chat Frontline,Chat Frontline,Other,Cancellation & Order Changes,Cancellation & Order Changes,5
2026-03,Chat Frontline,Chat Frontline,Other,Charging & Battery,Charging & Battery,2
2026-03,Chat Frontline,Chat Frontline,Other,Connectivity,Connectivity,3
2026-03,Chat Frontline,Chat Frontline,Other,Delivery & Shipping,Delivery & Shipping,9
2026-03,Chat Frontline,Chat Frontline,Other,Delivery & Shipping,Needs review,2
2026-03,Chat Frontline,Chat Frontline,Other,Needs review,Account & Login,1
2026-03,Chat Frontline,Chat Frontline,Other,Needs review,App & Firmware,1
2026-03,Chat Frontline,Chat Frontline,Other,Needs review,Audio Quality,2
2026-03,Chat Frontline,Chat Frontline,Other,Needs review,Billing & Payments,4
2026-03,Chat Frontline,Chat Frontline,Other,Needs review,Cancellation & Order Changes,4
2026-03,Chat Frontline,Chat Frontline,Other,Needs review,Charging & Battery,1
2026-03,Chat Frontline,Chat Frontline,Other,Needs review,Connectivity,2
2026-03,Chat Frontline,Chat Frontline,Other,Needs review,Delivery & Shipping,2
2026-03,Chat Frontline,Chat Frontline,Other,Needs review,Needs review,4
2026-03,Chat Frontline,Chat Frontline,Other,Product Enquiry,Product Enquiry,2
2026-03,Chat Frontline,Chat Frontline,Other,Warranty & Repair,Warranty & Repair,2
2026-03,Chat Frontline,Chat Frontline,Product Enquiry,Needs review,Product Enquiry,9
2026-03,Chat Frontline,Chat Frontline,Product Enquiry,Product Enquiry,Product Enquiry,3
2026-03,Chat Frontline,Email Frontline,Account & Login,Needs review,Account & Login,1
2026-03,Chat Frontline,Email Frontline,App & Firmware,App & Firmware,App & Firmware,1
2026-03,Chat Frontline,Email Frontline,Audio Quality,Audio Quality,Audio Quality,1
2026-03,Chat Frontline,Email Frontline,Audio Quality,Connectivity,Connectivity,1
2026-03,Chat Frontline,Email Frontline,Charging & Battery,Charging & Battery,Charging & Battery,2
2026-03,Chat Frontline,Email Frontline,Connectivity,Audio Quality,Audio Quality,1
2026-03,Chat Frontline,Email Frontline,Connectivity,Connectivity,Connectivity,1
2026-03,Chat Frontline,Email Frontline,Connectivity,Needs review,Connectivity,1
2026-03,Chat Frontline,Email Frontline,Other,Delivery & Shipping,Delivery & Shipping,2
2026-03,Chat Frontline,Email Frontline,Other,Hardware & Controls,Hardware & Controls,1
2026-03,Chat Frontline,Email Frontline,Other,Needs review,Needs review,1
2026-03,Chat Frontline,Email Frontline,Other,Warranty & Repair,Warranty & Repair,1
2026-03,Chat Frontline,Email Frontline,Product Enquiry,Needs review,Product Enquiry,1
2026-03,Chat Frontline,Email Frontline,Product Enquiry,Product Enquiry,Product Enquiry,2
2026-03,Chat Frontline,Escalations & Warranty,App & Firmware,Charging & Battery,Charging & Battery,1
2026-03,Chat Frontline,Escalations & Warranty,Audio Quality,Account & Login,Needs review,1
2026-03,Chat Frontline,Escalations & Warranty,Audio Quality,Audio Quality,Audio Quality,2
2026-03,Chat Frontline,Escalations & Warranty,Connectivity,Connectivity,Connectivity,1
2026-03,Chat Frontline,Logistics,Other,Delivery & Shipping,Delivery & Shipping,1
2026-03,Chat Frontline,Returns Desk,Other,Delivery & Shipping,Delivery & Shipping,1
2026-03,Email Frontline,Billing,Audio Quality,Connectivity,Connectivity,1
2026-03,Email Frontline,Chat Frontline,Account & Login,Account & Login,Account & Login,1
2026-03,Email Frontline,Chat Frontline,App & Firmware,App & Firmware,App & Firmware,5
2026-03,Email Frontline,Chat Frontline,Audio Quality,Audio Quality,Audio Quality,3
2026-03,Email Frontline,Chat Frontline,Audio Quality,Needs review,Charging & Battery,1
2026-03,Email Frontline,Chat Frontline,Audio Quality,Needs review,Needs review,1
2026-03,Email Frontline,Chat Frontline,Charging & Battery,Charging & Battery,Charging & Battery,3
2026-03,Email Frontline,Chat Frontline,Connectivity,Connectivity,Connectivity,1
2026-03,Email Frontline,Chat Frontline,Connectivity,Needs review,Connectivity,1
2026-03,Email Frontline,Chat Frontline,Connectivity,Needs review,Needs review,1
2026-03,Email Frontline,Chat Frontline,Other,Billing & Payments,Needs review,1
2026-03,Email Frontline,Chat Frontline,Other,Delivery & Shipping,Delivery & Shipping,2
2026-03,Email Frontline,Chat Frontline,Other,Needs review,Cancellation & Order Changes,2
2026-03,Email Frontline,Chat Frontline,Other,Needs review,Delivery & Shipping,1
2026-03,Email Frontline,Chat Frontline,Product Enquiry,Needs review,Product Enquiry,1
2026-03,Email Frontline,Email Frontline,Account & Login,Account & Login,Account & Login,2
2026-03,Email Frontline,Email Frontline,Account & Login,Billing & Payments,Billing & Payments,1
2026-03,Email Frontline,Email Frontline,Account & Login,Needs review,Account & Login,2
2026-03,Email Frontline,Email Frontline,App & Firmware,App & Firmware,App & Firmware,3
2026-03,Email Frontline,Email Frontline,App & Firmware,Needs review,App & Firmware,2
2026-03,Email Frontline,Email Frontline,App & Firmware,Needs review,Charging & Battery,1
2026-03,Email Frontline,Email Frontline,App & Firmware,Needs review,Needs review,3
2026-03,Email Frontline,Email Frontline,Audio Quality,Audio Quality,Audio Quality,5
2026-03,Email Frontline,Email Frontline,Audio Quality,Needs review,Audio Quality,4
2026-03,Email Frontline,Email Frontline,Audio Quality,Returns & Refunds,Needs review,1
2026-03,Email Frontline,Email Frontline,Charging & Battery,Billing & Payments,Billing & Payments,1
2026-03,Email Frontline,Email Frontline,Charging & Battery,Charging & Battery,Charging & Battery,5
2026-03,Email Frontline,Email Frontline,Charging & Battery,Needs review,Charging & Battery,4
2026-03,Email Frontline,Email Frontline,Charging & Battery,Needs review,Needs review,3
2026-03,Email Frontline,Email Frontline,Connectivity,Connectivity,Connectivity,8
2026-03,Email Frontline,Email Frontline,Connectivity,Needs review,Connectivity,4
2026-03,Email Frontline,Email Frontline,Connectivity,Needs review,Needs review,4
2026-03,Email Frontline,Email Frontline,Other,Account & Login,Account & Login,1
2026-03,Email Frontline,Email Frontline,Other,App & Firmware,App & Firmware,1
2026-03,Email Frontline,Email Frontline,Other,Billing & Payments,Billing & Payments,3
2026-03,Email Frontline,Email Frontline,Other,Cancellation & Order Changes,Cancellation & Order Changes,8
2026-03,Email Frontline,Email Frontline,Other,Charging & Battery,Charging & Battery,1
2026-03,Email Frontline,Email Frontline,Other,Connectivity,Connectivity,1
2026-03,Email Frontline,Email Frontline,Other,Delivery & Shipping,Needs review,1
2026-03,Email Frontline,Email Frontline,Other,Needs review,Cancellation & Order Changes,4
2026-03,Email Frontline,Email Frontline,Other,Needs review,Charging & Battery,2
2026-03,Email Frontline,Email Frontline,Other,Needs review,Connectivity,2
2026-03,Email Frontline,Email Frontline,Other,Needs review,Needs review,5
2026-03,Email Frontline,Email Frontline,Other,Needs review,Product Enquiry,2
2026-03,Email Frontline,Email Frontline,Other,Warranty & Repair,Warranty & Repair,1
2026-03,Email Frontline,Email Frontline,Product Enquiry,Needs review,Billing & Payments,1
2026-03,Email Frontline,Email Frontline,Product Enquiry,Needs review,Product Enquiry,6
2026-03,Email Frontline,Email Frontline,Product Enquiry,Product Enquiry,Product Enquiry,4
2026-03,Email Frontline,Logistics,Other,Needs review,Billing & Payments,1
2026-03,Email Frontline,Logistics,Other,Warranty & Repair,Warranty & Repair,1
2026-03,Email Frontline,Returns Desk,Charging & Battery,Charging & Battery,Charging & Battery,1
2026-03,Email Frontline,Returns Desk,Other,Cancellation & Order Changes,Cancellation & Order Changes,1
2026-03,Escalations & Warranty,Billing,Warranty & Repair,Needs review,Audio Quality,1
2026-03,Escalations & Warranty,Billing,Warranty & Repair,Warranty & Repair,Warranty & Repair,1
2026-03,Escalations & Warranty,Email Frontline,Warranty & Repair,Needs review,Needs review,1
2026-03,Escalations & Warranty,Escalations & Warranty,Warranty & Repair,Audio Quality,Audio Quality,2
2026-03,Escalations & Warranty,Escalations & Warranty,Warranty & Repair,Charging & Battery,Charging & Battery,5
2026-03,Escalations & Warranty,Escalations & Warranty,Warranty & Repair,Hardware & Controls,Hardware & Controls,2
2026-03,Escalations & Warranty,Escalations & Warranty,Warranty & Repair,Needs review,Needs review,4
2026-03,Escalations & Warranty,Escalations & Warranty,Warranty & Repair,Needs review,Returns & Refunds,1
2026-03,Escalations & Warranty,Escalations & Warranty,Warranty & Repair,Needs review,Warranty & Repair,1
2026-03,Escalations & Warranty,Escalations & Warranty,Warranty & Repair,Returns & Refunds,Needs review,1
2026-03,Escalations & Warranty,Escalations & Warranty,Warranty & Repair,Returns & Refunds,Returns & Refunds,2
2026-03,Escalations & Warranty,Escalations & Warranty,Warranty & Repair,Warranty & Repair,Warranty & Repair,12
2026-03,Logistics,Billing,Delivery & Shipping,Delivery & Shipping,Delivery & Shipping,5
2026-03,Logistics,Billing,Delivery & Shipping,Returns & Refunds,Needs review,1
2026-03,Logistics,Email Frontline,Delivery & Shipping,Delivery & Shipping,Delivery & Shipping,1
2026-03,Logistics,Email Frontline,Delivery & Shipping,Needs review,Delivery & Shipping,1
2026-03,Logistics,Email Frontline,Delivery & Shipping,Needs review,Needs review,1
2026-03,Logistics,Logistics,Delivery & Shipping,Cancellation & Order Changes,Cancellation & Order Changes,2
2026-03,Logistics,Logistics,Delivery & Shipping,Cancellation & Order Changes,Needs review,1
2026-03,Logistics,Logistics,Delivery & Shipping,Delivery & Shipping,Delivery & Shipping,63
2026-03,Logistics,Logistics,Delivery & Shipping,Delivery & Shipping,Needs review,2
2026-03,Logistics,Logistics,Delivery & Shipping,Needs review,Cancellation & Order Changes,2
2026-03,Logistics,Logistics,Delivery & Shipping,Needs review,Delivery & Shipping,26
2026-03,Logistics,Logistics,Delivery & Shipping,Needs review,Needs review,11
2026-03,Logistics,Logistics,Delivery & Shipping,Returns & Refunds,Returns & Refunds,8
2026-03,Logistics,Returns Desk,Delivery & Shipping,Delivery & Shipping,Delivery & Shipping,1
2026-03,Returns Desk,Billing,Returns & Refunds,Returns & Refunds,Returns & Refunds,2
2026-03,Returns Desk,Returns Desk,Returns & Refunds,Cancellation & Order Changes,Needs review,1
2026-03,Returns Desk,Returns Desk,Returns & Refunds,Needs review,Delivery & Shipping,6
2026-03,Returns Desk,Returns Desk,Returns & Refunds,Needs review,Needs review,4
2026-03,Returns Desk,Returns Desk,Returns & Refunds,Needs review,Returns & Refunds,15
2026-03,Returns Desk,Returns Desk,Returns & Refunds,Returns & Refunds,Needs review,1
2026-03,Returns Desk,Returns Desk,Returns & Refunds,Returns & Refunds,Returns & Refunds,42
2026-03,Voice Frontline,Billing,Connectivity,Needs review,Connectivity,1
2026-03,Voice Frontline,Chat Frontline,App & Firmware,App & Firmware,App & Firmware,1
2026-03,Voice Frontline,Chat Frontline,Audio Quality,Audio Quality,Audio Quality,1
2026-03,Voice Frontline,Email Frontline,Other,Cancellation & Order Changes,Cancellation & Order Changes,1
2026-03,Voice Frontline,Escalations & Warranty,Charging & Battery,Charging & Battery,Charging & Battery,1
2026-03,Voice Frontline,Escalations & Warranty,Connectivity,Needs review,Needs review,2
2026-03,Voice Frontline,Returns Desk,App & Firmware,Needs review,App & Firmware,1
2026-03,Voice Frontline,Returns Desk,Other,Connectivity,Connectivity,1
2026-03,Voice Frontline,Voice Frontline,Account & Login,Account & Login,Account & Login,1
2026-03,Voice Frontline,Voice Frontline,Account & Login,Needs review,Needs review,1
2026-03,Voice Frontline,Voice Frontline,App & Firmware,App & Firmware,App & Firmware,2
2026-03,Voice Frontline,Voice Frontline,App & Firmware,Needs review,Account & Login,1
2026-03,Voice Frontline,Voice Frontline,App & Firmware,Needs review,App & Firmware,2
2026-03,Voice Frontline,Voice Frontline,App & Firmware,Needs review,Connectivity,3
2026-03,Voice Frontline,Voice Frontline,Audio Quality,Needs review,Audio Quality,1
2026-03,Voice Frontline,Voice Frontline,Audio Quality,Needs review,Needs review,1
2026-03,Voice Frontline,Voice Frontline,Charging & Battery,Charging & Battery,Charging & Battery,5
2026-03,Voice Frontline,Voice Frontline,Charging & Battery,Needs review,Charging & Battery,1
2026-03,Voice Frontline,Voice Frontline,Charging & Battery,Needs review,Needs review,2
2026-03,Voice Frontline,Voice Frontline,Connectivity,Connectivity,Connectivity,5
2026-03,Voice Frontline,Voice Frontline,Connectivity,Needs review,Connectivity,6
2026-03,Voice Frontline,Voice Frontline,Other,Audio Quality,Audio Quality,1
2026-03,Voice Frontline,Voice Frontline,Other,Billing & Payments,Billing & Payments,1
2026-03,Voice Frontline,Voice Frontline,Other,Cancellation & Order Changes,Cancellation & Order Changes,2
2026-03,Voice Frontline,Voice Frontline,Other,Charging & Battery,Charging & Battery,1
2026-03,Voice Frontline,Voice Frontline,Other,Delivery & Shipping,Delivery & Shipping,2
2026-03,Voice Frontline,Voice Frontline,Other,Needs review,Needs review,3
2026-03,Voice Frontline,Voice Frontline,Product Enquiry,Needs review,Product Enquiry,2
2026-03,Voice Frontline,Voice Frontline,Product Enquiry,Product Enquiry,Product Enquiry,1
2026-04,Billing,Billing,Billing & Payments,Billing & Payments,Billing & Payments,66
2026-04,Billing,Billing,Billing & Payments,Billing & Payments,Needs review,1
2026-04,Billing,Billing,Billing & Payments,Cancellation & Order Changes,Cancellation & Order Changes,3
2026-04,Billing,Billing,Billing & Payments,Delivery & Shipping,Delivery & Shipping,14
2026-04,Billing,Billing,Billing & Payments,Delivery & Shipping,Needs review,2
2026-04,Billing,Billing,Billing & Payments,Needs review,Billing & Payments,23
2026-04,Billing,Billing,Billing & Payments,Needs review,Delivery & Shipping,4
2026-04,Billing,Billing,Billing & Payments,Needs review,Needs review,11
2026-04,Billing,Billing,Billing & Payments,Needs review,Returns & Refunds,1
2026-04,Billing,Billing,Billing & Payments,Returns & Refunds,Returns & Refunds,5
2026-04,Billing,Chat Frontline,Billing & Payments,Billing & Payments,Billing & Payments,1
2026-04,Billing,Chat Frontline,Billing & Payments,Needs review,Billing & Payments,1
2026-04,Billing,Email Frontline,Billing & Payments,Needs review,Billing & Payments,1
2026-04,Billing,Logistics,Billing & Payments,Billing & Payments,Billing & Payments,1
2026-04,Billing,Logistics,Billing & Payments,Billing & Payments,Needs review,1
2026-04,Billing,Logistics,Billing & Payments,Delivery & Shipping,Delivery & Shipping,30
2026-04,Billing,Logistics,Billing & Payments,Delivery & Shipping,Needs review,1
2026-04,Billing,Logistics,Billing & Payments,Needs review,Delivery & Shipping,7
2026-04,Billing,Logistics,Billing & Payments,Needs review,Needs review,3
2026-04,Billing,Logistics,Billing & Payments,Returns & Refunds,Returns & Refunds,1
2026-04,Billing,Returns Desk,Billing & Payments,Needs review,Billing & Payments,1
2026-04,Chat Frontline,Billing,Audio Quality,Needs review,Needs review,1
2026-04,Chat Frontline,Billing,Connectivity,Needs review,Connectivity,1
2026-04,Chat Frontline,Billing,Other,Delivery & Shipping,Needs review,1
2026-04,Chat Frontline,Billing,Other,Needs review,Needs review,1
2026-04,Chat Frontline,Billing,Other,Warranty & Repair,Warranty & Repair,1
2026-04,Chat Frontline,Billing,Product Enquiry,Needs review,Product Enquiry,1
2026-04,Chat Frontline,Chat Frontline,Account & Login,Account & Login,Account & Login,6
2026-04,Chat Frontline,Chat Frontline,Account & Login,Billing & Payments,Billing & Payments,1
2026-04,Chat Frontline,Chat Frontline,Account & Login,Needs review,Account & Login,3
2026-04,Chat Frontline,Chat Frontline,Account & Login,Needs review,Needs review,2
2026-04,Chat Frontline,Chat Frontline,App & Firmware,App & Firmware,App & Firmware,14
2026-04,Chat Frontline,Chat Frontline,App & Firmware,Billing & Payments,Needs review,1
2026-04,Chat Frontline,Chat Frontline,App & Firmware,Charging & Battery,Charging & Battery,2
2026-04,Chat Frontline,Chat Frontline,App & Firmware,Charging & Battery,Needs review,1
2026-04,Chat Frontline,Chat Frontline,App & Firmware,Needs review,Account & Login,1
2026-04,Chat Frontline,Chat Frontline,App & Firmware,Needs review,App & Firmware,6
2026-04,Chat Frontline,Chat Frontline,App & Firmware,Needs review,Connectivity,1
2026-04,Chat Frontline,Chat Frontline,App & Firmware,Needs review,Needs review,4
2026-04,Chat Frontline,Chat Frontline,Audio Quality,Audio Quality,Audio Quality,6
2026-04,Chat Frontline,Chat Frontline,Audio Quality,Connectivity,Connectivity,2
2026-04,Chat Frontline,Chat Frontline,Audio Quality,Needs review,Audio Quality,4
2026-04,Chat Frontline,Chat Frontline,Audio Quality,Needs review,Needs review,6
2026-04,Chat Frontline,Chat Frontline,Charging & Battery,App & Firmware,App & Firmware,1
2026-04,Chat Frontline,Chat Frontline,Charging & Battery,Charging & Battery,Charging & Battery,15
2026-04,Chat Frontline,Chat Frontline,Charging & Battery,Charging & Battery,Needs review,1
2026-04,Chat Frontline,Chat Frontline,Charging & Battery,Needs review,App & Firmware,1
2026-04,Chat Frontline,Chat Frontline,Charging & Battery,Needs review,Audio Quality,1
2026-04,Chat Frontline,Chat Frontline,Charging & Battery,Needs review,Charging & Battery,5
2026-04,Chat Frontline,Chat Frontline,Charging & Battery,Needs review,Needs review,7
2026-04,Chat Frontline,Chat Frontline,Connectivity,App & Firmware,App & Firmware,1
2026-04,Chat Frontline,Chat Frontline,Connectivity,Connectivity,Connectivity,13
2026-04,Chat Frontline,Chat Frontline,Connectivity,Needs review,App & Firmware,1
2026-04,Chat Frontline,Chat Frontline,Connectivity,Needs review,Audio Quality,1
2026-04,Chat Frontline,Chat Frontline,Connectivity,Needs review,Connectivity,9
2026-04,Chat Frontline,Chat Frontline,Connectivity,Needs review,Needs review,8
2026-04,Chat Frontline,Chat Frontline,Other,Account & Login,Account & Login,1
2026-04,Chat Frontline,Chat Frontline,Other,App & Firmware,App & Firmware,2
2026-04,Chat Frontline,Chat Frontline,Other,Audio Quality,Audio Quality,1
2026-04,Chat Frontline,Chat Frontline,Other,Billing & Payments,Billing & Payments,6
2026-04,Chat Frontline,Chat Frontline,Other,Billing & Payments,Needs review,1
2026-04,Chat Frontline,Chat Frontline,Other,Cancellation & Order Changes,Cancellation & Order Changes,16
2026-04,Chat Frontline,Chat Frontline,Other,Charging & Battery,Charging & Battery,1
2026-04,Chat Frontline,Chat Frontline,Other,Connectivity,Connectivity,2
2026-04,Chat Frontline,Chat Frontline,Other,Delivery & Shipping,Delivery & Shipping,6
2026-04,Chat Frontline,Chat Frontline,Other,Needs review,App & Firmware,3
2026-04,Chat Frontline,Chat Frontline,Other,Needs review,Audio Quality,1
2026-04,Chat Frontline,Chat Frontline,Other,Needs review,Billing & Payments,1
2026-04,Chat Frontline,Chat Frontline,Other,Needs review,Cancellation & Order Changes,3
2026-04,Chat Frontline,Chat Frontline,Other,Needs review,Connectivity,1
2026-04,Chat Frontline,Chat Frontline,Other,Needs review,Delivery & Shipping,2
2026-04,Chat Frontline,Chat Frontline,Other,Needs review,Needs review,10
2026-04,Chat Frontline,Chat Frontline,Other,Needs review,Product Enquiry,2
2026-04,Chat Frontline,Chat Frontline,Other,Product Enquiry,Product Enquiry,1
2026-04,Chat Frontline,Chat Frontline,Other,Returns & Refunds,Needs review,1
2026-04,Chat Frontline,Chat Frontline,Other,Warranty & Repair,Warranty & Repair,2
2026-04,Chat Frontline,Chat Frontline,Product Enquiry,Charging & Battery,Needs review,1
2026-04,Chat Frontline,Chat Frontline,Product Enquiry,Needs review,Needs review,1
2026-04,Chat Frontline,Chat Frontline,Product Enquiry,Needs review,Product Enquiry,8
2026-04,Chat Frontline,Chat Frontline,Product Enquiry,Product Enquiry,Product Enquiry,4
2026-04,Chat Frontline,Email Frontline,App & Firmware,App & Firmware,App & Firmware,1
2026-04,Chat Frontline,Email Frontline,Audio Quality,Needs review,Needs review,1
2026-04,Chat Frontline,Email Frontline,Charging & Battery,Charging & Battery,Charging & Battery,1
2026-04,Chat Frontline,Email Frontline,Connectivity,Connectivity,Connectivity,1
2026-04,Chat Frontline,Email Frontline,Connectivity,Needs review,Connectivity,1
2026-04,Chat Frontline,Email Frontline,Connectivity,Needs review,Needs review,1
2026-04,Chat Frontline,Email Frontline,Other,Account & Login,Account & Login,1
2026-04,Chat Frontline,Email Frontline,Other,Billing & Payments,Billing & Payments,1
2026-04,Chat Frontline,Email Frontline,Other,Cancellation & Order Changes,Cancellation & Order Changes,1
2026-04,Chat Frontline,Email Frontline,Other,Needs review,Needs review,2
2026-04,Chat Frontline,Email Frontline,Product Enquiry,Needs review,Product Enquiry,1
2026-04,Chat Frontline,Escalations & Warranty,Audio Quality,Audio Quality,Audio Quality,1
2026-04,Chat Frontline,Escalations & Warranty,Charging & Battery,Charging & Battery,Charging & Battery,1
2026-04,Chat Frontline,Escalations & Warranty,Connectivity,Connectivity,Connectivity,4
2026-04,Chat Frontline,Escalations & Warranty,Connectivity,Needs review,Connectivity,1
2026-04,Chat Frontline,Escalations & Warranty,Connectivity,Needs review,Needs review,3
2026-04,Chat Frontline,Escalations & Warranty,Other,Connectivity,Connectivity,1
2026-04,Chat Frontline,Logistics,Charging & Battery,App & Firmware,App & Firmware,1
2026-04,Chat Frontline,Logistics,Connectivity,Needs review,Connectivity,1
2026-04,Chat Frontline,Logistics,Product Enquiry,Needs review,Product Enquiry,2
2026-04,Chat Frontline,Returns Desk,App & Firmware,App & Firmware,App & Firmware,1
2026-04,Chat Frontline,Returns Desk,Connectivity,Connectivity,Connectivity,1
2026-04,Chat Frontline,Returns Desk,Other,Connectivity,Connectivity,1
2026-04,Email Frontline,Billing,App & Firmware,App & Firmware,App & Firmware,1
2026-04,Email Frontline,Chat Frontline,App & Firmware,App & Firmware,App & Firmware,2
2026-04,Email Frontline,Chat Frontline,App & Firmware,Charging & Battery,Charging & Battery,1
2026-04,Email Frontline,Chat Frontline,App & Firmware,Connectivity,Connectivity,1
2026-04,Email Frontline,Chat Frontline,App & Firmware,Needs review,App & Firmware,1
2026-04,Email Frontline,Chat Frontline,Audio Quality,Audio Quality,Audio Quality,1
2026-04,Email Frontline,Chat Frontline,Audio Quality,Needs review,Audio Quality,1
2026-04,Email Frontline,Chat Frontline,Audio Quality,Needs review,Needs review,1
2026-04,Email Frontline,Chat Frontline,Charging & Battery,Charging & Battery,Charging & Battery,3
2026-04,Email Frontline,Chat Frontline,Charging & Battery,Needs review,Charging & Battery,2
2026-04,Email Frontline,Chat Frontline,Charging & Battery,Needs review,Needs review,2
2026-04,Email Frontline,Chat Frontline,Connectivity,Connectivity,Connectivity,1
2026-04,Email Frontline,Chat Frontline,Connectivity,Needs review,Connectivity,1
2026-04,Email Frontline,Chat Frontline,Other,Billing & Payments,Billing & Payments,1
2026-04,Email Frontline,Chat Frontline,Other,Cancellation & Order Changes,Cancellation & Order Changes,2
2026-04,Email Frontline,Chat Frontline,Other,Needs review,Needs review,2
2026-04,Email Frontline,Chat Frontline,Other,Product Enquiry,Product Enquiry,1
2026-04,Email Frontline,Chat Frontline,Product Enquiry,Needs review,Product Enquiry,1
2026-04,Email Frontline,Chat Frontline,Product Enquiry,Product Enquiry,Product Enquiry,1
2026-04,Email Frontline,Email Frontline,Account & Login,Account & Login,Account & Login,2
2026-04,Email Frontline,Email Frontline,Account & Login,Needs review,Account & Login,4
2026-04,Email Frontline,Email Frontline,Account & Login,Needs review,Needs review,2
2026-04,Email Frontline,Email Frontline,App & Firmware,Account & Login,Account & Login,1
2026-04,Email Frontline,Email Frontline,App & Firmware,App & Firmware,App & Firmware,4
2026-04,Email Frontline,Email Frontline,App & Firmware,Needs review,App & Firmware,5
2026-04,Email Frontline,Email Frontline,App & Firmware,Needs review,Needs review,3
2026-04,Email Frontline,Email Frontline,Audio Quality,Audio Quality,Audio Quality,3
2026-04,Email Frontline,Email Frontline,Audio Quality,Needs review,Audio Quality,1
2026-04,Email Frontline,Email Frontline,Audio Quality,Needs review,Needs review,6
2026-04,Email Frontline,Email Frontline,Charging & Battery,Billing & Payments,Billing & Payments,1
2026-04,Email Frontline,Email Frontline,Charging & Battery,Charging & Battery,Charging & Battery,10
2026-04,Email Frontline,Email Frontline,Charging & Battery,Needs review,Charging & Battery,1
2026-04,Email Frontline,Email Frontline,Charging & Battery,Needs review,Needs review,2
2026-04,Email Frontline,Email Frontline,Connectivity,App & Firmware,App & Firmware,1
2026-04,Email Frontline,Email Frontline,Connectivity,Connectivity,Connectivity,9
2026-04,Email Frontline,Email Frontline,Connectivity,Connectivity,Needs review,1
2026-04,Email Frontline,Email Frontline,Connectivity,Needs review,App & Firmware,1
2026-04,Email Frontline,Email Frontline,Connectivity,Needs review,Connectivity,7
2026-04,Email Frontline,Email Frontline,Connectivity,Needs review,Needs review,2
2026-04,Email Frontline,Email Frontline,Other,App & Firmware,Needs review,1
2026-04,Email Frontline,Email Frontline,Other,Billing & Payments,Billing & Payments,1
2026-04,Email Frontline,Email Frontline,Other,Cancellation & Order Changes,Cancellation & Order Changes,7
2026-04,Email Frontline,Email Frontline,Other,Connectivity,Connectivity,2
2026-04,Email Frontline,Email Frontline,Other,Delivery & Shipping,Delivery & Shipping,2
2026-04,Email Frontline,Email Frontline,Other,Needs review,Cancellation & Order Changes,2
2026-04,Email Frontline,Email Frontline,Other,Needs review,Needs review,3
2026-04,Email Frontline,Email Frontline,Other,Product Enquiry,Product Enquiry,1
2026-04,Email Frontline,Email Frontline,Product Enquiry,Needs review,Product Enquiry,7
2026-04,Email Frontline,Email Frontline,Product Enquiry,Product Enquiry,Product Enquiry,1
2026-04,Email Frontline,Escalations & Warranty,Charging & Battery,Charging & Battery,Charging & Battery,1
2026-04,Email Frontline,Escalations & Warranty,Connectivity,Connectivity,Connectivity,1
2026-04,Email Frontline,Logistics,App & Firmware,App & Firmware,App & Firmware,1
2026-04,Email Frontline,Logistics,Audio Quality,Needs review,Audio Quality,1
2026-04,Email Frontline,Logistics,Charging & Battery,Charging & Battery,Charging & Battery,1
2026-04,Email Frontline,Logistics,Connectivity,Needs review,Needs review,1
2026-04,Email Frontline,Returns Desk,Charging & Battery,Needs review,Charging & Battery,1
2026-04,Escalations & Warranty,Email Frontline,Warranty & Repair,Warranty & Repair,Warranty & Repair,1
2026-04,Escalations & Warranty,Escalations & Warranty,Warranty & Repair,Audio Quality,Audio Quality,3
2026-04,Escalations & Warranty,Escalations & Warranty,Warranty & Repair,Charging & Battery,Charging & Battery,4
2026-04,Escalations & Warranty,Escalations & Warranty,Warranty & Repair,Hardware & Controls,Hardware & Controls,3
2026-04,Escalations & Warranty,Escalations & Warranty,Warranty & Repair,Needs review,Audio Quality,1
2026-04,Escalations & Warranty,Escalations & Warranty,Warranty & Repair,Needs review,Charging & Battery,2
2026-04,Escalations & Warranty,Escalations & Warranty,Warranty & Repair,Needs review,Needs review,6
2026-04,Escalations & Warranty,Escalations & Warranty,Warranty & Repair,Needs review,Warranty & Repair,1
2026-04,Escalations & Warranty,Escalations & Warranty,Warranty & Repair,Returns & Refunds,Needs review,1
2026-04,Escalations & Warranty,Escalations & Warranty,Warranty & Repair,Warranty & Repair,Warranty & Repair,14
2026-04,Escalations & Warranty,Logistics,Warranty & Repair,Warranty & Repair,Warranty & Repair,1
2026-04,Escalations & Warranty,Returns Desk,Warranty & Repair,Charging & Battery,Charging & Battery,1
2026-04,Logistics,Chat Frontline,Delivery & Shipping,Delivery & Shipping,Delivery & Shipping,1
2026-04,Logistics,Chat Frontline,Delivery & Shipping,Needs review,Delivery & Shipping,1
2026-04,Logistics,Email Frontline,Delivery & Shipping,Delivery & Shipping,Delivery & Shipping,1
2026-04,Logistics,Email Frontline,Delivery & Shipping,Needs review,Needs review,2
2026-04,Logistics,Logistics,Delivery & Shipping,Billing & Payments,Needs review,1
2026-04,Logistics,Logistics,Delivery & Shipping,Cancellation & Order Changes,Cancellation & Order Changes,3
2026-04,Logistics,Logistics,Delivery & Shipping,Delivery & Shipping,Delivery & Shipping,61
2026-04,Logistics,Logistics,Delivery & Shipping,Delivery & Shipping,Needs review,2
2026-04,Logistics,Logistics,Delivery & Shipping,Needs review,Cancellation & Order Changes,3
2026-04,Logistics,Logistics,Delivery & Shipping,Needs review,Delivery & Shipping,29
2026-04,Logistics,Logistics,Delivery & Shipping,Needs review,Needs review,14
2026-04,Logistics,Logistics,Delivery & Shipping,Returns & Refunds,Returns & Refunds,3
2026-04,Logistics,Returns Desk,Delivery & Shipping,Needs review,Delivery & Shipping,1
2026-04,Returns Desk,Email Frontline,Returns & Refunds,Needs review,Returns & Refunds,1
2026-04,Returns Desk,Returns Desk,Returns & Refunds,Delivery & Shipping,Delivery & Shipping,2
2026-04,Returns Desk,Returns Desk,Returns & Refunds,Needs review,Delivery & Shipping,2
2026-04,Returns Desk,Returns Desk,Returns & Refunds,Needs review,Needs review,4
2026-04,Returns Desk,Returns Desk,Returns & Refunds,Needs review,Returns & Refunds,13
2026-04,Returns Desk,Returns Desk,Returns & Refunds,Returns & Refunds,Needs review,1
2026-04,Returns Desk,Returns Desk,Returns & Refunds,Returns & Refunds,Returns & Refunds,37
2026-04,Voice Frontline,Chat Frontline,App & Firmware,Charging & Battery,Charging & Battery,1
2026-04,Voice Frontline,Chat Frontline,App & Firmware,Needs review,Needs review,1
2026-04,Voice Frontline,Chat Frontline,Charging & Battery,Charging & Battery,Charging & Battery,1
2026-04,Voice Frontline,Chat Frontline,Charging & Battery,Needs review,Needs review,1
2026-04,Voice Frontline,Chat Frontline,Connectivity,Account & Login,Needs review,1
2026-04,Voice Frontline,Chat Frontline,Connectivity,Connectivity,Connectivity,1
2026-04,Voice Frontline,Chat Frontline,Connectivity,Needs review,Connectivity,1
2026-04,Voice Frontline,Email Frontline,Account & Login,Needs review,Account & Login,1
2026-04,Voice Frontline,Email Frontline,Product Enquiry,Billing & Payments,Billing & Payments,1
2026-04,Voice Frontline,Returns Desk,Product Enquiry,Product Enquiry,Product Enquiry,1
2026-04,Voice Frontline,Voice Frontline,Account & Login,Account & Login,Account & Login,2
2026-04,Voice Frontline,Voice Frontline,Account & Login,Needs review,Needs review,1
2026-04,Voice Frontline,Voice Frontline,App & Firmware,Needs review,App & Firmware,3
2026-04,Voice Frontline,Voice Frontline,Audio Quality,Audio Quality,Audio Quality,1
2026-04,Voice Frontline,Voice Frontline,Audio Quality,Needs review,Audio Quality,1
2026-04,Voice Frontline,Voice Frontline,Audio Quality,Needs review,Needs review,2
2026-04,Voice Frontline,Voice Frontline,Charging & Battery,Charging & Battery,Charging & Battery,6
2026-04,Voice Frontline,Voice Frontline,Charging & Battery,Needs review,Charging & Battery,2
2026-04,Voice Frontline,Voice Frontline,Charging & Battery,Needs review,Needs review,1
2026-04,Voice Frontline,Voice Frontline,Connectivity,App & Firmware,App & Firmware,2
2026-04,Voice Frontline,Voice Frontline,Connectivity,Connectivity,Connectivity,3
2026-04,Voice Frontline,Voice Frontline,Connectivity,Needs review,Connectivity,6
2026-04,Voice Frontline,Voice Frontline,Connectivity,Needs review,Needs review,3
2026-04,Voice Frontline,Voice Frontline,Other,App & Firmware,App & Firmware,1
2026-04,Voice Frontline,Voice Frontline,Other,Billing & Payments,Billing & Payments,1
2026-04,Voice Frontline,Voice Frontline,Other,Cancellation & Order Changes,Cancellation & Order Changes,4
2026-04,Voice Frontline,Voice Frontline,Other,Connectivity,Connectivity,1
2026-04,Voice Frontline,Voice Frontline,Other,Delivery & Shipping,Delivery & Shipping,2
2026-04,Voice Frontline,Voice Frontline,Other,Delivery & Shipping,Needs review,2
2026-04,Voice Frontline,Voice Frontline,Other,Needs review,Billing & Payments,3
2026-04,Voice Frontline,Voice Frontline,Other,Needs review,Cancellation & Order Changes,4
2026-04,Voice Frontline,Voice Frontline,Other,Needs review,Charging & Battery,1
2026-04,Voice Frontline,Voice Frontline,Other,Needs review,Needs review,2
2026-04,Voice Frontline,Voice Frontline,Product Enquiry,Needs review,Product Enquiry,3
2026-04,Voice Frontline,Voice Frontline,Product Enquiry,Product Enquiry,Product Enquiry,4
2026-05,Billing,Billing,Billing & Payments,Billing & Payments,Billing & Payments,62
2026-05,Billing,Billing,Billing & Payments,Cancellation & Order Changes,Cancellation & Order Changes,1
2026-05,Billing,Billing,Billing & Payments,Delivery & Shipping,Delivery & Shipping,7
2026-05,Billing,Billing,Billing & Payments,Needs review,Billing & Payments,10
2026-05,Billing,Billing,Billing & Payments,Needs review,Delivery & Shipping,3
2026-05,Billing,Billing,Billing & Payments,Needs review,Needs review,8
2026-05,Billing,Billing,Billing & Payments,Needs review,Returns & Refunds,4
2026-05,Billing,Billing,Billing & Payments,Returns & Refunds,Returns & Refunds,9
2026-05,Billing,Chat Frontline,Billing & Payments,Billing & Payments,Billing & Payments,1
2026-05,Billing,Email Frontline,Billing & Payments,Returns & Refunds,Returns & Refunds,1
2026-05,Billing,Logistics,Billing & Payments,Billing & Payments,Needs review,2
2026-05,Billing,Logistics,Billing & Payments,Delivery & Shipping,Delivery & Shipping,23
2026-05,Billing,Logistics,Billing & Payments,Delivery & Shipping,Needs review,2
2026-05,Billing,Logistics,Billing & Payments,Needs review,Delivery & Shipping,5
2026-05,Billing,Logistics,Billing & Payments,Needs review,Needs review,4
2026-05,Billing,Returns Desk,Billing & Payments,Billing & Payments,Billing & Payments,1
2026-05,Billing,Returns Desk,Billing & Payments,Needs review,Billing & Payments,1
2026-05,Chat Frontline,Chat Frontline,Account & Login,Account & Login,Account & Login,7
2026-05,Chat Frontline,Chat Frontline,Account & Login,Billing & Payments,Billing & Payments,2
2026-05,Chat Frontline,Chat Frontline,Account & Login,Needs review,Account & Login,4
2026-05,Chat Frontline,Chat Frontline,Account & Login,Needs review,Billing & Payments,2
2026-05,Chat Frontline,Chat Frontline,App & Firmware,App & Firmware,App & Firmware,11
2026-05,Chat Frontline,Chat Frontline,App & Firmware,Connectivity,Connectivity,1
2026-05,Chat Frontline,Chat Frontline,App & Firmware,Needs review,App & Firmware,3
2026-05,Chat Frontline,Chat Frontline,App & Firmware,Needs review,Connectivity,1
2026-05,Chat Frontline,Chat Frontline,Audio Quality,Audio Quality,Audio Quality,14
2026-05,Chat Frontline,Chat Frontline,Audio Quality,Needs review,Audio Quality,5
2026-05,Chat Frontline,Chat Frontline,Audio Quality,Needs review,Needs review,4
2026-05,Chat Frontline,Chat Frontline,Charging & Battery,App & Firmware,App & Firmware,2
2026-05,Chat Frontline,Chat Frontline,Charging & Battery,Charging & Battery,Charging & Battery,14
2026-05,Chat Frontline,Chat Frontline,Charging & Battery,Needs review,Charging & Battery,8
2026-05,Chat Frontline,Chat Frontline,Charging & Battery,Returns & Refunds,Needs review,1
2026-05,Chat Frontline,Chat Frontline,Connectivity,App & Firmware,App & Firmware,2
2026-05,Chat Frontline,Chat Frontline,Connectivity,Connectivity,Connectivity,11
2026-05,Chat Frontline,Chat Frontline,Connectivity,Needs review,Connectivity,14
2026-05,Chat Frontline,Chat Frontline,Connectivity,Needs review,Needs review,10
2026-05,Chat Frontline,Chat Frontline,Other,App & Firmware,App & Firmware,1
2026-05,Chat Frontline,Chat Frontline,Other,Audio Quality,Audio Quality,3
2026-05,Chat Frontline,Chat Frontline,Other,Billing & Payments,Billing & Payments,9
2026-05,Chat Frontline,Chat Frontline,Other,Cancellation & Order Changes,Cancellation & Order Changes,14
2026-05,Chat Frontline,Chat Frontline,Other,Connectivity,Connectivity,2
2026-05,Chat Frontline,Chat Frontline,Other,Delivery & Shipping,Delivery & Shipping,4
2026-05,Chat Frontline,Chat Frontline,Other,Needs review,Account & Login,1
2026-05,Chat Frontline,Chat Frontline,Other,Needs review,App & Firmware,1
2026-05,Chat Frontline,Chat Frontline,Other,Needs review,Audio Quality,2
2026-05,Chat Frontline,Chat Frontline,Other,Needs review,Billing & Payments,2
2026-05,Chat Frontline,Chat Frontline,Other,Needs review,Cancellation & Order Changes,5
2026-05,Chat Frontline,Chat Frontline,Other,Needs review,Connectivity,1
2026-05,Chat Frontline,Chat Frontline,Other,Needs review,Delivery & Shipping,1
2026-05,Chat Frontline,Chat Frontline,Other,Needs review,Needs review,3
2026-05,Chat Frontline,Chat Frontline,Other,Needs review,Product Enquiry,1
2026-05,Chat Frontline,Chat Frontline,Other,Returns & Refunds,Needs review,1
2026-05,Chat Frontline,Chat Frontline,Other,Warranty & Repair,Warranty & Repair,3
2026-05,Chat Frontline,Chat Frontline,Product Enquiry,Needs review,Needs review,1
2026-05,Chat Frontline,Chat Frontline,Product Enquiry,Needs review,Product Enquiry,10
2026-05,Chat Frontline,Chat Frontline,Product Enquiry,Product Enquiry,Product Enquiry,4
2026-05,Chat Frontline,Email Frontline,App & Firmware,App & Firmware,App & Firmware,2
2026-05,Chat Frontline,Email Frontline,App & Firmware,Needs review,App & Firmware,1
2026-05,Chat Frontline,Email Frontline,Audio Quality,Audio Quality,Audio Quality,1
2026-05,Chat Frontline,Email Frontline,Audio Quality,Needs review,Needs review,1
2026-05,Chat Frontline,Email Frontline,Other,Cancellation & Order Changes,Cancellation & Order Changes,1
2026-05,Chat Frontline,Email Frontline,Other,Needs review,Needs review,2
2026-05,Chat Frontline,Escalations & Warranty,Charging & Battery,Charging & Battery,Charging & Battery,1
2026-05,Chat Frontline,Escalations & Warranty,Charging & Battery,Needs review,Charging & Battery,1
2026-05,Chat Frontline,Escalations & Warranty,Connectivity,Connectivity,Connectivity,1
2026-05,Chat Frontline,Escalations & Warranty,Connectivity,Needs review,Needs review,1
2026-05,Chat Frontline,Logistics,App & Firmware,App & Firmware,App & Firmware,1
2026-05,Chat Frontline,Logistics,Connectivity,Connectivity,Connectivity,1
2026-05,Chat Frontline,Returns Desk,Audio Quality,Audio Quality,Audio Quality,1
2026-05,Chat Frontline,Returns Desk,Charging & Battery,Charging & Battery,Charging & Battery,1
2026-05,Chat Frontline,Returns Desk,Charging & Battery,Needs review,Charging & Battery,1
2026-05,Chat Frontline,Returns Desk,Connectivity,Needs review,Needs review,1
2026-05,Chat Frontline,Returns Desk,Other,Delivery & Shipping,Delivery & Shipping,2
2026-05,Chat Frontline,Returns Desk,Product Enquiry,Needs review,Product Enquiry,1
2026-05,Email Frontline,Billing,Other,Delivery & Shipping,Delivery & Shipping,1
2026-05,Email Frontline,Chat Frontline,Account & Login,Account & Login,Account & Login,1
2026-05,Email Frontline,Chat Frontline,Account & Login,Needs review,Account & Login,1
2026-05,Email Frontline,Chat Frontline,Account & Login,Needs review,Needs review,1
2026-05,Email Frontline,Chat Frontline,App & Firmware,App & Firmware,App & Firmware,2
2026-05,Email Frontline,Chat Frontline,App & Firmware,Needs review,App & Firmware,1
2026-05,Email Frontline,Chat Frontline,App & Firmware,Needs review,Needs review,1
2026-05,Email Frontline,Chat Frontline,Audio Quality,Audio Quality,Audio Quality,1
2026-05,Email Frontline,Chat Frontline,Audio Quality,Needs review,Audio Quality,1
2026-05,Email Frontline,Chat Frontline,Audio Quality,Needs review,Needs review,1
2026-05,Email Frontline,Chat Frontline,Charging & Battery,App & Firmware,App & Firmware,1
2026-05,Email Frontline,Chat Frontline,Charging & Battery,Charging & Battery,Charging & Battery,1
2026-05,Email Frontline,Chat Frontline,Connectivity,Connectivity,Connectivity,1
2026-05,Email Frontline,Chat Frontline,Connectivity,Needs review,Connectivity,3
2026-05,Email Frontline,Chat Frontline,Connectivity,Needs review,Needs review,1
2026-05,Email Frontline,Chat Frontline,Other,Charging & Battery,Charging & Battery,1
2026-05,Email Frontline,Chat Frontline,Other,Delivery & Shipping,Delivery & Shipping,1
2026-05,Email Frontline,Chat Frontline,Other,Delivery & Shipping,Needs review,1
2026-05,Email Frontline,Chat Frontline,Other,Needs review,Delivery & Shipping,1
2026-05,Email Frontline,Chat Frontline,Other,Needs review,Needs review,2
2026-05,Email Frontline,Email Frontline,Account & Login,Account & Login,Account & Login,2
2026-05,Email Frontline,Email Frontline,Account & Login,Billing & Payments,Billing & Payments,1
2026-05,Email Frontline,Email Frontline,Account & Login,Needs review,Account & Login,5
2026-05,Email Frontline,Email Frontline,App & Firmware,App & Firmware,App & Firmware,8
2026-05,Email Frontline,Email Frontline,App & Firmware,Needs review,Connectivity,2
2026-05,Email Frontline,Email Frontline,Audio Quality,Audio Quality,Audio Quality,1
2026-05,Email Frontline,Email Frontline,Audio Quality,Connectivity,Connectivity,3
2026-05,Email Frontline,Email Frontline,Audio Quality,Needs review,Audio Quality,1
2026-05,Email Frontline,Email Frontline,Audio Quality,Needs review,Needs review,2
2026-05,Email Frontline,Email Frontline,Charging & Battery,Charging & Battery,Charging & Battery,7
2026-05,Email Frontline,Email Frontline,Charging & Battery,Needs review,Charging & Battery,4
2026-05,Email Frontline,Email Frontline,Charging & Battery,Needs review,Needs review,4
2026-05,Email Frontline,Email Frontline,Connectivity,Connectivity,Connectivity,4
2026-05,Email Frontline,Email Frontline,Connectivity,Needs review,Connectivity,3
2026-05,Email Frontline,Email Frontline,Connectivity,Needs review,Needs review,4
2026-05,Email Frontline,Email Frontline,Other,Billing & Payments,Billing & Payments,6
2026-05,Email Frontline,Email Frontline,Other,Cancellation & Order Changes,Cancellation & Order Changes,3
2026-05,Email Frontline,Email Frontline,Other,Charging & Battery,Charging & Battery,1
2026-05,Email Frontline,Email Frontline,Other,Delivery & Shipping,Delivery & Shipping,3
2026-05,Email Frontline,Email Frontline,Other,Needs review,Billing & Payments,1
2026-05,Email Frontline,Email Frontline,Other,Needs review,Cancellation & Order Changes,1
2026-05,Email Frontline,Email Frontline,Other,Needs review,Delivery & Shipping,3
2026-05,Email Frontline,Email Frontline,Other,Needs review,Needs review,4
2026-05,Email Frontline,Email Frontline,Other,Needs review,Product Enquiry,2
2026-05,Email Frontline,Email Frontline,Other,Product Enquiry,Product Enquiry,1
2026-05,Email Frontline,Email Frontline,Other,Warranty & Repair,Warranty & Repair,1
2026-05,Email Frontline,Email Frontline,Product Enquiry,Needs review,Product Enquiry,4
2026-05,Email Frontline,Email Frontline,Product Enquiry,Product Enquiry,Product Enquiry,5
2026-05,Email Frontline,Escalations & Warranty,Charging & Battery,Charging & Battery,Charging & Battery,1
2026-05,Email Frontline,Escalations & Warranty,Charging & Battery,Needs review,Needs review,1
2026-05,Email Frontline,Returns Desk,Other,Delivery & Shipping,Delivery & Shipping,1
2026-05,Email Frontline,Returns Desk,Product Enquiry,Product Enquiry,Product Enquiry,1
2026-05,Escalations & Warranty,Chat Frontline,Warranty & Repair,Needs review,Needs review,1
2026-05,Escalations & Warranty,Email Frontline,Warranty & Repair,Hardware & Controls,Hardware & Controls,1
2026-05,Escalations & Warranty,Email Frontline,Warranty & Repair,Needs review,Needs review,1
2026-05,Escalations & Warranty,Escalations & Warranty,Warranty & Repair,Audio Quality,Audio Quality,2
2026-05,Escalations & Warranty,Escalations & Warranty,Warranty & Repair,Audio Quality,Needs review,1
2026-05,Escalations & Warranty,Escalations & Warranty,Warranty & Repair,Charging & Battery,Charging & Battery,2
2026-05,Escalations & Warranty,Escalations & Warranty,Warranty & Repair,Delivery & Shipping,Delivery & Shipping,1
2026-05,Escalations & Warranty,Escalations & Warranty,Warranty & Repair,Hardware & Controls,Hardware & Controls,2
2026-05,Escalations & Warranty,Escalations & Warranty,Warranty & Repair,Needs review,Delivery & Shipping,1
2026-05,Escalations & Warranty,Escalations & Warranty,Warranty & Repair,Needs review,Hardware & Controls,1
2026-05,Escalations & Warranty,Escalations & Warranty,Warranty & Repair,Needs review,Needs review,3
2026-05,Escalations & Warranty,Escalations & Warranty,Warranty & Repair,Needs review,Warranty & Repair,1
2026-05,Escalations & Warranty,Escalations & Warranty,Warranty & Repair,Returns & Refunds,Needs review,1
2026-05,Escalations & Warranty,Escalations & Warranty,Warranty & Repair,Warranty & Repair,Warranty & Repair,16
2026-05,Logistics,Billing,Delivery & Shipping,Delivery & Shipping,Delivery & Shipping,1
2026-05,Logistics,Billing,Delivery & Shipping,Needs review,Delivery & Shipping,1
2026-05,Logistics,Chat Frontline,Delivery & Shipping,Delivery & Shipping,Delivery & Shipping,1
2026-05,Logistics,Chat Frontline,Delivery & Shipping,Needs review,Delivery & Shipping,1
2026-05,Logistics,Email Frontline,Delivery & Shipping,Delivery & Shipping,Delivery & Shipping,3
2026-05,Logistics,Logistics,Delivery & Shipping,Cancellation & Order Changes,Cancellation & Order Changes,4
2026-05,Logistics,Logistics,Delivery & Shipping,Charging & Battery,Needs review,1
2026-05,Logistics,Logistics,Delivery & Shipping,Delivery & Shipping,Delivery & Shipping,61
2026-05,Logistics,Logistics,Delivery & Shipping,Delivery & Shipping,Needs review,3
2026-05,Logistics,Logistics,Delivery & Shipping,Needs review,Cancellation & Order Changes,1
2026-05,Logistics,Logistics,Delivery & Shipping,Needs review,Delivery & Shipping,36
2026-05,Logistics,Logistics,Delivery & Shipping,Needs review,Needs review,12
2026-05,Logistics,Logistics,Delivery & Shipping,Returns & Refunds,Needs review,2
2026-05,Logistics,Logistics,Delivery & Shipping,Returns & Refunds,Returns & Refunds,5
2026-05,Returns Desk,Chat Frontline,Returns & Refunds,Needs review,Returns & Refunds,1
2026-05,Returns Desk,Email Frontline,Returns & Refunds,Needs review,Needs review,1
2026-05,Returns Desk,Logistics,Returns & Refunds,Returns & Refunds,Returns & Refunds,2
2026-05,Returns Desk,Returns Desk,Returns & Refunds,Delivery & Shipping,Delivery & Shipping,1
2026-05,Returns Desk,Returns Desk,Returns & Refunds,Delivery & Shipping,Needs review,2
2026-05,Returns Desk,Returns Desk,Returns & Refunds,Needs review,Delivery & Shipping,3
2026-05,Returns Desk,Returns Desk,Returns & Refunds,Needs review,Needs review,1
2026-05,Returns Desk,Returns Desk,Returns & Refunds,Needs review,Returns & Refunds,8
2026-05,Returns Desk,Returns Desk,Returns & Refunds,Returns & Refunds,Returns & Refunds,34
2026-05,Voice Frontline,Billing,Product Enquiry,Product Enquiry,Product Enquiry,1
2026-05,Voice Frontline,Chat Frontline,Charging & Battery,Needs review,Charging & Battery,1
2026-05,Voice Frontline,Email Frontline,Other,Cancellation & Order Changes,Cancellation & Order Changes,1
2026-05,Voice Frontline,Email Frontline,Other,Delivery & Shipping,Delivery & Shipping,1
2026-05,Voice Frontline,Email Frontline,Other,Needs review,Delivery & Shipping,1
2026-05,Voice Frontline,Email Frontline,Product Enquiry,Product Enquiry,Product Enquiry,1
2026-05,Voice Frontline,Escalations & Warranty,Audio Quality,Needs review,Audio Quality,1
2026-05,Voice Frontline,Escalations & Warranty,Charging & Battery,Charging & Battery,Charging & Battery,1
2026-05,Voice Frontline,Voice Frontline,Account & Login,Account & Login,Account & Login,1
2026-05,Voice Frontline,Voice Frontline,Account & Login,Needs review,Account & Login,1
2026-05,Voice Frontline,Voice Frontline,Account & Login,Needs review,Needs review,3
2026-05,Voice Frontline,Voice Frontline,App & Firmware,App & Firmware,App & Firmware,6
2026-05,Voice Frontline,Voice Frontline,App & Firmware,Charging & Battery,Charging & Battery,1
2026-05,Voice Frontline,Voice Frontline,App & Firmware,Needs review,App & Firmware,3
2026-05,Voice Frontline,Voice Frontline,Audio Quality,Audio Quality,Audio Quality,1
2026-05,Voice Frontline,Voice Frontline,Audio Quality,Needs review,Audio Quality,2
2026-05,Voice Frontline,Voice Frontline,Audio Quality,Needs review,Connectivity,1
2026-05,Voice Frontline,Voice Frontline,Audio Quality,Needs review,Needs review,4
2026-05,Voice Frontline,Voice Frontline,Charging & Battery,Charging & Battery,Charging & Battery,6
2026-05,Voice Frontline,Voice Frontline,Charging & Battery,Needs review,Charging & Battery,3
2026-05,Voice Frontline,Voice Frontline,Charging & Battery,Needs review,Needs review,4
2026-05,Voice Frontline,Voice Frontline,Charging & Battery,Returns & Refunds,Needs review,1
2026-05,Voice Frontline,Voice Frontline,Connectivity,Connectivity,Connectivity,2
2026-05,Voice Frontline,Voice Frontline,Connectivity,Needs review,Connectivity,2
2026-05,Voice Frontline,Voice Frontline,Other,Audio Quality,Audio Quality,1
2026-05,Voice Frontline,Voice Frontline,Other,Cancellation & Order Changes,Cancellation & Order Changes,4
2026-05,Voice Frontline,Voice Frontline,Other,Connectivity,Connectivity,1
2026-05,Voice Frontline,Voice Frontline,Other,Delivery & Shipping,Delivery & Shipping,1
2026-05,Voice Frontline,Voice Frontline,Other,Delivery & Shipping,Needs review,1
2026-05,Voice Frontline,Voice Frontline,Other,Needs review,Cancellation & Order Changes,1
2026-05,Voice Frontline,Voice Frontline,Other,Needs review,Charging & Battery,1
2026-05,Voice Frontline,Voice Frontline,Other,Needs review,Connectivity,2
2026-05,Voice Frontline,Voice Frontline,Other,Needs review,Delivery & Shipping,1
2026-05,Voice Frontline,Voice Frontline,Other,Needs review,Needs review,3
2026-05,Voice Frontline,Voice Frontline,Other,Needs review,Product Enquiry,1
2026-05,Voice Frontline,Voice Frontline,Other,Product Enquiry,Product Enquiry,1
2026-05,Voice Frontline,Voice Frontline,Product Enquiry,Billing & Payments,Billing & Payments,1
2026-05,Voice Frontline,Voice Frontline,Product Enquiry,Needs review,Product Enquiry,3
2026-05,Voice Frontline,Voice Frontline,Product Enquiry,Product Enquiry,Product Enquiry,2
2026-06,Billing,Billing,Billing & Payments,Billing & Payments,Billing & Payments,51
2026-06,Billing,Billing,Billing & Payments,Billing & Payments,Needs review,3
2026-06,Billing,Billing,Billing & Payments,Cancellation & Order Changes,Cancellation & Order Changes,2
2026-06,Billing,Billing,Billing & Payments,Delivery & Shipping,Delivery & Shipping,3
2026-06,Billing,Billing,Billing & Payments,Delivery & Shipping,Needs review,1
2026-06,Billing,Billing,Billing & Payments,Needs review,Billing & Payments,13
2026-06,Billing,Billing,Billing & Payments,Needs review,Needs review,4
2026-06,Billing,Billing,Billing & Payments,Needs review,Returns & Refunds,3
2026-06,Billing,Billing,Billing & Payments,Returns & Refunds,Returns & Refunds,8
2026-06,Billing,Logistics,Billing & Payments,Billing & Payments,Billing & Payments,3
2026-06,Billing,Logistics,Billing & Payments,Delivery & Shipping,Delivery & Shipping,24
2026-06,Billing,Logistics,Billing & Payments,Delivery & Shipping,Needs review,1
2026-06,Billing,Logistics,Billing & Payments,Needs review,Billing & Payments,2
2026-06,Billing,Logistics,Billing & Payments,Needs review,Delivery & Shipping,6
2026-06,Billing,Logistics,Billing & Payments,Needs review,Needs review,4
2026-06,Chat Frontline,Billing,Other,Needs review,Needs review,1
2026-06,Chat Frontline,Chat Frontline,Account & Login,Account & Login,Account & Login,8
2026-06,Chat Frontline,Chat Frontline,Account & Login,Needs review,Account & Login,4
2026-06,Chat Frontline,Chat Frontline,Account & Login,Needs review,Billing & Payments,1
2026-06,Chat Frontline,Chat Frontline,Account & Login,Needs review,Needs review,2
2026-06,Chat Frontline,Chat Frontline,App & Firmware,Account & Login,Account & Login,1
2026-06,Chat Frontline,Chat Frontline,App & Firmware,App & Firmware,App & Firmware,7
2026-06,Chat Frontline,Chat Frontline,App & Firmware,Connectivity,Connectivity,1
2026-06,Chat Frontline,Chat Frontline,App & Firmware,Needs review,App & Firmware,4
2026-06,Chat Frontline,Chat Frontline,App & Firmware,Needs review,Charging & Battery,1
2026-06,Chat Frontline,Chat Frontline,App & Firmware,Needs review,Connectivity,2
2026-06,Chat Frontline,Chat Frontline,App & Firmware,Needs review,Needs review,1
2026-06,Chat Frontline,Chat Frontline,Audio Quality,Audio Quality,Audio Quality,4
2026-06,Chat Frontline,Chat Frontline,Audio Quality,Audio Quality,Needs review,1
2026-06,Chat Frontline,Chat Frontline,Audio Quality,Connectivity,Connectivity,1
2026-06,Chat Frontline,Chat Frontline,Audio Quality,Needs review,Audio Quality,5
2026-06,Chat Frontline,Chat Frontline,Audio Quality,Needs review,Connectivity,1
2026-06,Chat Frontline,Chat Frontline,Audio Quality,Needs review,Needs review,6
2026-06,Chat Frontline,Chat Frontline,Audio Quality,Returns & Refunds,Needs review,1
2026-06,Chat Frontline,Chat Frontline,Charging & Battery,Billing & Payments,Needs review,1
2026-06,Chat Frontline,Chat Frontline,Charging & Battery,Charging & Battery,Charging & Battery,13
2026-06,Chat Frontline,Chat Frontline,Charging & Battery,Needs review,Audio Quality,1
2026-06,Chat Frontline,Chat Frontline,Charging & Battery,Needs review,Charging & Battery,7
2026-06,Chat Frontline,Chat Frontline,Charging & Battery,Needs review,Needs review,2
2026-06,Chat Frontline,Chat Frontline,Connectivity,App & Firmware,App & Firmware,2
2026-06,Chat Frontline,Chat Frontline,Connectivity,Connectivity,Connectivity,11
2026-06,Chat Frontline,Chat Frontline,Connectivity,Needs review,App & Firmware,1
2026-06,Chat Frontline,Chat Frontline,Connectivity,Needs review,Connectivity,9
2026-06,Chat Frontline,Chat Frontline,Connectivity,Needs review,Needs review,4
2026-06,Chat Frontline,Chat Frontline,Other,App & Firmware,App & Firmware,2
2026-06,Chat Frontline,Chat Frontline,Other,Audio Quality,Audio Quality,2
2026-06,Chat Frontline,Chat Frontline,Other,Billing & Payments,Billing & Payments,2
2026-06,Chat Frontline,Chat Frontline,Other,Cancellation & Order Changes,Cancellation & Order Changes,9
2026-06,Chat Frontline,Chat Frontline,Other,Charging & Battery,Needs review,1
2026-06,Chat Frontline,Chat Frontline,Other,Connectivity,Connectivity,1
2026-06,Chat Frontline,Chat Frontline,Other,Delivery & Shipping,Delivery & Shipping,4
2026-06,Chat Frontline,Chat Frontline,Other,Delivery & Shipping,Needs review,3
2026-06,Chat Frontline,Chat Frontline,Other,Needs review,Account & Login,1
2026-06,Chat Frontline,Chat Frontline,Other,Needs review,Audio Quality,2
2026-06,Chat Frontline,Chat Frontline,Other,Needs review,Cancellation & Order Changes,3
2026-06,Chat Frontline,Chat Frontline,Other,Needs review,Charging & Battery,1
2026-06,Chat Frontline,Chat Frontline,Other,Needs review,Connectivity,3
2026-06,Chat Frontline,Chat Frontline,Other,Needs review,Delivery & Shipping,3
2026-06,Chat Frontline,Chat Frontline,Other,Needs review,Hardware & Controls,1
2026-06,Chat Frontline,Chat Frontline,Other,Needs review,Needs review,5
2026-06,Chat Frontline,Chat Frontline,Other,Needs review,Product Enquiry,1
2026-06,Chat Frontline,Chat Frontline,Other,Product Enquiry,Product Enquiry,1
2026-06,Chat Frontline,Chat Frontline,Other,Warranty & Repair,Warranty & Repair,4
2026-06,Chat Frontline,Chat Frontline,Product Enquiry,Billing & Payments,Billing & Payments,1
2026-06,Chat Frontline,Chat Frontline,Product Enquiry,Charging & Battery,Needs review,1
2026-06,Chat Frontline,Chat Frontline,Product Enquiry,Needs review,Needs review,1
2026-06,Chat Frontline,Chat Frontline,Product Enquiry,Needs review,Product Enquiry,6
2026-06,Chat Frontline,Chat Frontline,Product Enquiry,Product Enquiry,Product Enquiry,10
2026-06,Chat Frontline,Email Frontline,Account & Login,Needs review,Account & Login,2
2026-06,Chat Frontline,Email Frontline,App & Firmware,App & Firmware,App & Firmware,1
2026-06,Chat Frontline,Email Frontline,App & Firmware,Hardware & Controls,Hardware & Controls,1
2026-06,Chat Frontline,Email Frontline,App & Firmware,Needs review,App & Firmware,2
2026-06,Chat Frontline,Email Frontline,App & Firmware,Needs review,Needs review,1
2026-06,Chat Frontline,Email Frontline,Audio Quality,Needs review,Needs review,1
2026-06,Chat Frontline,Email Frontline,Charging & Battery,Charging & Battery,Charging & Battery,1
2026-06,Chat Frontline,Email Frontline,Charging & Battery,Needs review,Charging & Battery,1
2026-06,Chat Frontline,Email Frontline,Charging & Battery,Needs review,Needs review,1
2026-06,Chat Frontline,Email Frontline,Connectivity,Needs review,Connectivity,1
2026-06,Chat Frontline,Email Frontline,Connectivity,Needs review,Needs review,1
2026-06,Chat Frontline,Email Frontline,Other,Billing & Payments,Billing & Payments,1
2026-06,Chat Frontline,Email Frontline,Other,Cancellation & Order Changes,Cancellation & Order Changes,1
2026-06,Chat Frontline,Email Frontline,Other,Connectivity,Connectivity,1
2026-06,Chat Frontline,Email Frontline,Other,Needs review,Connectivity,1
2026-06,Chat Frontline,Email Frontline,Product Enquiry,Needs review,Billing & Payments,1
2026-06,Chat Frontline,Email Frontline,Product Enquiry,Product Enquiry,Product Enquiry,1
2026-06,Chat Frontline,Escalations & Warranty,Audio Quality,Needs review,Audio Quality,1
2026-06,Chat Frontline,Escalations & Warranty,Audio Quality,Needs review,Needs review,1
2026-06,Chat Frontline,Escalations & Warranty,Charging & Battery,Needs review,Needs review,1
2026-06,Chat Frontline,Escalations & Warranty,Connectivity,Connectivity,Connectivity,1
2026-06,Chat Frontline,Escalations & Warranty,Connectivity,Needs review,Connectivity,2
2026-06,Chat Frontline,Escalations & Warranty,Connectivity,Needs review,Needs review,3
2026-06,Chat Frontline,Logistics,App & Firmware,App & Firmware,App & Firmware,1
2026-06,Chat Frontline,Logistics,Connectivity,Connectivity,Connectivity,1
2026-06,Chat Frontline,Logistics,Other,Warranty & Repair,Warranty & Repair,1
2026-06,Chat Frontline,Returns Desk,Audio Quality,Audio Quality,Audio Quality,1
2026-06,Chat Frontline,Returns Desk,Charging & Battery,Charging & Battery,Charging & Battery,1
2026-06,Chat Frontline,Returns Desk,Other,Connectivity,Connectivity,1
2026-06,Email Frontline,Billing,Charging & Battery,Needs review,Charging & Battery,1
2026-06,Email Frontline,Billing,Connectivity,Needs review,Connectivity,1
2026-06,Email Frontline,Billing,Other,Cancellation & Order Changes,Cancellation & Order Changes,1
2026-06,Email Frontline,Chat Frontline,Account & Login,Account & Login,Account & Login,1
2026-06,Email Frontline,Chat Frontline,App & Firmware,App & Firmware,App & Firmware,1
2026-06,Email Frontline,Chat Frontline,App & Firmware,Needs review,App & Firmware,1
2026-06,Email Frontline,Chat Frontline,Audio Quality,Audio Quality,Audio Quality,4
2026-06,Email Frontline,Chat Frontline,Audio Quality,Connectivity,Connectivity,1
2026-06,Email Frontline,Chat Frontline,Audio Quality,Needs review,Audio Quality,1
2026-06,Email Frontline,Chat Frontline,Charging & Battery,Charging & Battery,Charging & Battery,5
2026-06,Email Frontline,Chat Frontline,Charging & Battery,Needs review,Charging & Battery,1
2026-06,Email Frontline,Chat Frontline,Charging & Battery,Needs review,Needs review,1
2026-06,Email Frontline,Chat Frontline,Connectivity,App & Firmware,App & Firmware,1
2026-06,Email Frontline,Chat Frontline,Connectivity,Connectivity,Connectivity,2
2026-06,Email Frontline,Chat Frontline,Connectivity,Needs review,Connectivity,1
2026-06,Email Frontline,Chat Frontline,Connectivity,Needs review,Needs review,1
2026-06,Email Frontline,Chat Frontline,Other,Cancellation & Order Changes,Cancellation & Order Changes,3
2026-06,Email Frontline,Chat Frontline,Other,Connectivity,Connectivity,1
2026-06,Email Frontline,Chat Frontline,Other,Needs review,Account & Login,1
2026-06,Email Frontline,Chat Frontline,Other,Needs review,Needs review,1
2026-06,Email Frontline,Chat Frontline,Other,Needs review,Product Enquiry,1
2026-06,Email Frontline,Chat Frontline,Product Enquiry,Needs review,Product Enquiry,1
2026-06,Email Frontline,Chat Frontline,Product Enquiry,Product Enquiry,Product Enquiry,3
2026-06,Email Frontline,Email Frontline,Account & Login,Account & Login,Account & Login,3
2026-06,Email Frontline,Email Frontline,Account & Login,Needs review,Needs review,1
2026-06,Email Frontline,Email Frontline,App & Firmware,Account & Login,Account & Login,1
2026-06,Email Frontline,Email Frontline,App & Firmware,App & Firmware,App & Firmware,7
2026-06,Email Frontline,Email Frontline,App & Firmware,Billing & Payments,Billing & Payments,1
2026-06,Email Frontline,Email Frontline,App & Firmware,Needs review,App & Firmware,2
2026-06,Email Frontline,Email Frontline,App & Firmware,Needs review,Needs review,2
2026-06,Email Frontline,Email Frontline,Audio Quality,Audio Quality,Audio Quality,5
2026-06,Email Frontline,Email Frontline,Audio Quality,Audio Quality,Needs review,1
2026-06,Email Frontline,Email Frontline,Audio Quality,Needs review,Audio Quality,3
2026-06,Email Frontline,Email Frontline,Audio Quality,Needs review,Needs review,1
2026-06,Email Frontline,Email Frontline,Charging & Battery,App & Firmware,App & Firmware,1
2026-06,Email Frontline,Email Frontline,Charging & Battery,Audio Quality,Audio Quality,1
2026-06,Email Frontline,Email Frontline,Charging & Battery,Charging & Battery,Charging & Battery,13
2026-06,Email Frontline,Email Frontline,Charging & Battery,Needs review,Charging & Battery,5
2026-06,Email Frontline,Email Frontline,Charging & Battery,Needs review,Needs review,2
2026-06,Email Frontline,Email Frontline,Connectivity,Connectivity,Connectivity,4
2026-06,Email Frontline,Email Frontline,Connectivity,Needs review,Connectivity,3
2026-06,Email Frontline,Email Frontline,Connectivity,Needs review,Needs review,2
2026-06,Email Frontline,Email Frontline,Other,Audio Quality,Audio Quality,1
2026-06,Email Frontline,Email Frontline,Other,Billing & Payments,Billing & Payments,2
2026-06,Email Frontline,Email Frontline,Other,Cancellation & Order Changes,Cancellation & Order Changes,8
2026-06,Email Frontline,Email Frontline,Other,Connectivity,Connectivity,1
2026-06,Email Frontline,Email Frontline,Other,Delivery & Shipping,Delivery & Shipping,3
2026-06,Email Frontline,Email Frontline,Other,Hardware & Controls,Hardware & Controls,1
2026-06,Email Frontline,Email Frontline,Other,Needs review,Audio Quality,1
2026-06,Email Frontline,Email Frontline,Other,Needs review,Billing & Payments,1
2026-06,Email Frontline,Email Frontline,Other,Needs review,Cancellation & Order Changes,1
2026-06,Email Frontline,Email Frontline,Other,Needs review,Connectivity,1
2026-06,Email Frontline,Email Frontline,Other,Needs review,Delivery & Shipping,1
2026-06,Email Frontline,Email Frontline,Other,Needs review,Needs review,2
2026-06,Email Frontline,Email Frontline,Other,Product Enquiry,Product Enquiry,1
2026-06,Email Frontline,Email Frontline,Product Enquiry,Billing & Payments,Billing & Payments,1
2026-06,Email Frontline,Email Frontline,Product Enquiry,Charging & Battery,Needs review,1
2026-06,Email Frontline,Email Frontline,Product Enquiry,Needs review,Product Enquiry,5
2026-06,Email Frontline,Email Frontline,Product Enquiry,Product Enquiry,Product Enquiry,1
2026-06,Email Frontline,Escalations & Warranty,App & Firmware,Charging & Battery,Charging & Battery,1
2026-06,Email Frontline,Escalations & Warranty,Audio Quality,Audio Quality,Audio Quality,1
2026-06,Email Frontline,Escalations & Warranty,Charging & Battery,Charging & Battery,Charging & Battery,1
2026-06,Email Frontline,Returns Desk,Charging & Battery,Needs review,Needs review,1
2026-06,Email Frontline,Returns Desk,Connectivity,Connectivity,Connectivity,1
2026-06,Email Frontline,Returns Desk,Other,Billing & Payments,Billing & Payments,1
2026-06,Escalations & Warranty,Email Frontline,Warranty & Repair,Charging & Battery,Charging & Battery,1
2026-06,Escalations & Warranty,Escalations & Warranty,Warranty & Repair,Audio Quality,Audio Quality,3
2026-06,Escalations & Warranty,Escalations & Warranty,Warranty & Repair,Charging & Battery,Charging & Battery,3
2026-06,Escalations & Warranty,Escalations & Warranty,Warranty & Repair,Delivery & Shipping,Delivery & Shipping,2
2026-06,Escalations & Warranty,Escalations & Warranty,Warranty & Repair,Hardware & Controls,Hardware & Controls,6
2026-06,Escalations & Warranty,Escalations & Warranty,Warranty & Repair,Needs review,Needs review,6
2026-06,Escalations & Warranty,Escalations & Warranty,Warranty & Repair,Needs review,Warranty & Repair,1
2026-06,Escalations & Warranty,Escalations & Warranty,Warranty & Repair,Returns & Refunds,Needs review,2
2026-06,Escalations & Warranty,Escalations & Warranty,Warranty & Repair,Warranty & Repair,Warranty & Repair,18
2026-06,Logistics,Billing,Delivery & Shipping,Delivery & Shipping,Delivery & Shipping,1
2026-06,Logistics,Chat Frontline,Delivery & Shipping,Cancellation & Order Changes,Cancellation & Order Changes,1
2026-06,Logistics,Chat Frontline,Delivery & Shipping,Delivery & Shipping,Delivery & Shipping,1
2026-06,Logistics,Logistics,Delivery & Shipping,Cancellation & Order Changes,Cancellation & Order Changes,2
2026-06,Logistics,Logistics,Delivery & Shipping,Cancellation & Order Changes,Needs review,1
2026-06,Logistics,Logistics,Delivery & Shipping,Delivery & Shipping,Delivery & Shipping,67
2026-06,Logistics,Logistics,Delivery & Shipping,Delivery & Shipping,Needs review,1
2026-06,Logistics,Logistics,Delivery & Shipping,Needs review,Cancellation & Order Changes,1
2026-06,Logistics,Logistics,Delivery & Shipping,Needs review,Delivery & Shipping,26
2026-06,Logistics,Logistics,Delivery & Shipping,Needs review,Needs review,10
2026-06,Logistics,Logistics,Delivery & Shipping,Returns & Refunds,Needs review,1
2026-06,Logistics,Logistics,Delivery & Shipping,Returns & Refunds,Returns & Refunds,4
2026-06,Logistics,Returns Desk,Delivery & Shipping,Delivery & Shipping,Delivery & Shipping,1
2026-06,Logistics,Returns Desk,Delivery & Shipping,Needs review,Delivery & Shipping,2
2026-06,Returns Desk,Billing,Returns & Refunds,Needs review,Needs review,1
2026-06,Returns Desk,Billing,Returns & Refunds,Returns & Refunds,Returns & Refunds,2
2026-06,Returns Desk,Logistics,Returns & Refunds,Returns & Refunds,Returns & Refunds,1
2026-06,Returns Desk,Returns Desk,Returns & Refunds,Delivery & Shipping,Delivery & Shipping,4
2026-06,Returns Desk,Returns Desk,Returns & Refunds,Delivery & Shipping,Needs review,1
2026-06,Returns Desk,Returns Desk,Returns & Refunds,Needs review,Delivery & Shipping,1
2026-06,Returns Desk,Returns Desk,Returns & Refunds,Needs review,Needs review,3
2026-06,Returns Desk,Returns Desk,Returns & Refunds,Needs review,Returns & Refunds,15
2026-06,Returns Desk,Returns Desk,Returns & Refunds,Returns & Refunds,Returns & Refunds,45
2026-06,Voice Frontline,Billing,Charging & Battery,Charging & Battery,Charging & Battery,1
2026-06,Voice Frontline,Chat Frontline,Account & Login,Needs review,Account & Login,1
2026-06,Voice Frontline,Chat Frontline,Audio Quality,Audio Quality,Audio Quality,1
2026-06,Voice Frontline,Chat Frontline,Charging & Battery,Charging & Battery,Charging & Battery,2
2026-06,Voice Frontline,Chat Frontline,Charging & Battery,Needs review,App & Firmware,1
2026-06,Voice Frontline,Chat Frontline,Connectivity,Connectivity,Connectivity,1
2026-06,Voice Frontline,Chat Frontline,Connectivity,Needs review,Needs review,1
2026-06,Voice Frontline,Email Frontline,Connectivity,Needs review,Connectivity,1
2026-06,Voice Frontline,Email Frontline,Other,Billing & Payments,Billing & Payments,1
2026-06,Voice Frontline,Escalations & Warranty,App & Firmware,Connectivity,Connectivity,1
2026-06,Voice Frontline,Escalations & Warranty,Audio Quality,Needs review,Needs review,1
2026-06,Voice Frontline,Escalations & Warranty,Charging & Battery,Charging & Battery,Charging & Battery,1
2026-06,Voice Frontline,Escalations & Warranty,Connectivity,Needs review,Needs review,1
2026-06,Voice Frontline,Logistics,Other,Charging & Battery,Charging & Battery,1
2026-06,Voice Frontline,Returns Desk,Connectivity,Needs review,Needs review,1
2026-06,Voice Frontline,Voice Frontline,Account & Login,Account & Login,Account & Login,5
2026-06,Voice Frontline,Voice Frontline,Account & Login,Needs review,Account & Login,3
2026-06,Voice Frontline,Voice Frontline,App & Firmware,App & Firmware,App & Firmware,5
2026-06,Voice Frontline,Voice Frontline,App & Firmware,Needs review,App & Firmware,2
2026-06,Voice Frontline,Voice Frontline,Audio Quality,Audio Quality,Audio Quality,1
2026-06,Voice Frontline,Voice Frontline,Audio Quality,Needs review,Audio Quality,3
2026-06,Voice Frontline,Voice Frontline,Audio Quality,Needs review,Needs review,2
2026-06,Voice Frontline,Voice Frontline,Charging & Battery,App & Firmware,App & Firmware,1
2026-06,Voice Frontline,Voice Frontline,Charging & Battery,Charging & Battery,Charging & Battery,3
2026-06,Voice Frontline,Voice Frontline,Charging & Battery,Needs review,Charging & Battery,3
2026-06,Voice Frontline,Voice Frontline,Charging & Battery,Needs review,Hardware & Controls,1
2026-06,Voice Frontline,Voice Frontline,Connectivity,Connectivity,Connectivity,4
2026-06,Voice Frontline,Voice Frontline,Connectivity,Needs review,Audio Quality,1
2026-06,Voice Frontline,Voice Frontline,Connectivity,Needs review,Connectivity,4
2026-06,Voice Frontline,Voice Frontline,Connectivity,Needs review,Needs review,5
2026-06,Voice Frontline,Voice Frontline,Other,Cancellation & Order Changes,Cancellation & Order Changes,4
2026-06,Voice Frontline,Voice Frontline,Other,Delivery & Shipping,Delivery & Shipping,1
2026-06,Voice Frontline,Voice Frontline,Other,Delivery & Shipping,Needs review,1
2026-06,Voice Frontline,Voice Frontline,Other,Needs review,Cancellation & Order Changes,1
2026-06,Voice Frontline,Voice Frontline,Other,Needs review,Product Enquiry,1
2026-06,Voice Frontline,Voice Frontline,Other,Needs review,Warranty & Repair,1
2026-06,Voice Frontline,Voice Frontline,Product Enquiry,Billing & Payments,Billing & Payments,1
2026-06,Voice Frontline,Voice Frontline,Product Enquiry,Needs review,Needs review,1
2026-06,Voice Frontline,Voice Frontline,Product Enquiry,Needs review,Product Enquiry,6
2026-06,Voice Frontline,Voice Frontline,Product Enquiry,Product Enquiry,Product Enquiry,2
